{"mean":{"confidence_interval":{"confidence_level":0.95,"lower_bound":29891.909289055286,"upper_bound":30364.25723690215},"point_estimate":30118.265155923975,"standard_error":120.6171779947996},"median":{"confidence_interval":{"confidence_level":0.95,"lower_bound":29592.682926829268,"upper_bound":30022.088744588746},"point_estimate":29765.84106460686,"standard_error":116.20229314452673},"median_abs_dev":{"confidence_interval":{"confidence_level":0.95,"lower_bound":658.9485522085865,"upper_bound":1142.1282706322615},"point_estimate":881.844456881184,"standard_error":119.1524399619777},"slope":{"confidence_interval":{"confidence_level":0.95,"lower_bound":29595.02769334058,"upper_bound":30093.288070122435},"point_estimate":29833.82431548059,"standard_error":126.77751165790805},"std_dev":{"confidence_interval":{"confidence_level":0.95,"lower_bound":944.8082015905134,"upper_bound":1452.6764866908543},"point_estimate":1213.789541205276,"standard_error":130.02050348539174}}