{"mean":{"confidence_interval":{"confidence_level":0.95,"lower_bound":1083273.0650000002,"upper_bound":1174539.025},"point_estimate":1124691.7,"standard_error":23424.450422417267},"median":{"confidence_interval":{"confidence_level":0.95,"lower_bound":1035810.0,"upper_bound":1064340.0},"point_estimate":1048920.0,"standard_error":6925.179606243708},"median_abs_dev":{"confidence_interval":{"confidence_level":0.95,"lower_bound":31809.182435274124,"upper_bound":63395.97487449646},"point_estimate":48562.56213784218,"standard_error":7715.017499814399},"slope":null,"std_dev":{"confidence_interval":{"confidence_level":0.95,"lower_bound":131620.71930485495,"upper_bound":322416.5601147161},"point_estimate":234996.295591069,"standard_error":48949.49131241958}}