{"mean":{"confidence_interval":{"confidence_level":0.95,"lower_bound":432268.1293478262,"upper_bound":437261.8358695654},"point_estimate":434618.00000000023,"standard_error":1279.6617195983936},"median":{"confidence_interval":{"confidence_level":0.95,"lower_bound":428860.8695652174,"upper_bound":433302.17391304346},"point_estimate":431208.6956521739,"standard_error":1100.2230627547012},"median_abs_dev":{"confidence_interval":{"confidence_level":0.95,"lower_bound":5166.538603927773,"upper_bound":8776.347235493029},"point_estimate":6665.253794711586,"standard_error":914.4260800355651},"slope":null,"std_dev":{"confidence_interval":{"confidence_level":0.95,"lower_bound":8730.529466423182,"upper_bound":16380.753775497682},"point_estimate":12854.9595011918,"standard_error":1956.3689893434232}}