{"mean":{"confidence_interval":{"confidence_level":0.95,"lower_bound":0.14505925410060516,"upper_bound":0.15768216633774348},"point_estimate":0.15053607909159505,"standard_error":0.003092766888485501},"median":{"confidence_interval":{"confidence_level":0.95,"lower_bound":0.13886412631054945,"upper_bound":0.14287916273752788},"point_estimate":0.14109805203977577,"standard_error":0.0009004532682250207}}