{"mean":{"confidence_interval":{"confidence_level":0.95,"lower_bound":-0.08362028728986112,"upper_bound":-0.06431297781724812},"point_estimate":-0.0736032434684244,"standard_error":0.004926488280357937},"median":{"confidence_interval":{"confidence_level":0.95,"lower_bound":-0.07740406667382005,"upper_bound":-0.06866115696525776},"point_estimate":-0.07202682303656283,"standard_error":0.002268411153530221}}