{"mean":{"confidence_interval":{"confidence_level":0.95,"lower_bound":0.003093645637758039,"upper_bound":0.0236963006273297},"point_estimate":0.013458957241429426,"standard_error":0.005270608467357119},"median":{"confidence_interval":{"confidence_level":0.95,"lower_bound":0.00440843560109605,"upper_bound":0.016077797212790457},"point_estimate":0.01049116598968336,"standard_error":0.0030178597273571926}}