{"mean":{"confidence_interval":{"confidence_level":0.95,"lower_bound":0.061074532075461,"upper_bound":0.0822093320598252},"point_estimate":0.07202795210893509,"standard_error":0.005397928598509375},"median":{"confidence_interval":{"confidence_level":0.95,"lower_bound":0.07157365665718318,"upper_bound":0.08560358319881867},"point_estimate":0.08223220372904994,"standard_error":0.003718932721088145}}