{"mean":{"confidence_interval":{"confidence_level":0.95,"lower_bound":-0.05259495821157275,"upper_bound":-0.036610739580937246},"point_estimate":-0.045576984197377546,"standard_error":0.004071618000758769},"median":{"confidence_interval":{"confidence_level":0.95,"lower_bound":-0.05405019364026125,"upper_bound":-0.04462359930621429},"point_estimate":-0.049204347119939595,"standard_error":0.002477260608975806}}