{"mean":{"confidence_interval":{"confidence_level":0.95,"lower_bound":-0.10845531120675814,"upper_bound":-0.0764465680499215},"point_estimate":-0.09530314104621229,"standard_error":0.008423733223591868},"median":{"confidence_interval":{"confidence_level":0.95,"lower_bound":-0.11699372562112997,"upper_bound":-0.11011403274865694},"point_estimate":-0.11319117313772897,"standard_error":0.001957402292320527}}