{"mean":{"confidence_interval":{"confidence_level":0.95,"lower_bound":0.2916984393029946,"upper_bound":0.30219573560507795},"point_estimate":0.2970139709156452,"standard_error":0.002667948039450596},"median":{"confidence_interval":{"confidence_level":0.95,"lower_bound":0.29162890320660617,"upper_bound":0.30423748955860375},"point_estimate":0.29950262623133295,"standard_error":0.0033623791686144574}}