{"mean":{"confidence_interval":{"confidence_level":0.95,"lower_bound":0.23412255776133054,"upper_bound":0.24599199004538258},"point_estimate":0.24001521817296978,"standard_error":0.003022824425331415},"median":{"confidence_interval":{"confidence_level":0.95,"lower_bound":0.2376349353973437,"upper_bound":0.24871577804075473},"point_estimate":0.2429666132998396,"standard_error":0.0029254559448090123}}