{"mean":{"confidence_interval":{"confidence_level":0.95,"lower_bound":0.16574528249424952,"upper_bound":0.18641437814299},"point_estimate":0.17628853214086337,"standard_error":0.00525922350960001},"median":{"confidence_interval":{"confidence_level":0.95,"lower_bound":0.1725646156411449,"upper_bound":0.18777648408751602},"point_estimate":0.1804578251919935,"standard_error":0.003732820095169006}}