{"mean":{"confidence_interval":{"confidence_level":0.95,"lower_bound":1005604.595,"upper_bound":1020032.1749999999},"point_estimate":1012118.4,"standard_error":3711.0415648488506},"median":{"confidence_interval":{"confidence_level":0.95,"lower_bound":996630.0,"upper_bound":1002430.0},"point_estimate":997480.0,"standard_error":1347.3827126854958},"median_abs_dev":{"confidence_interval":{"confidence_level":0.95,"lower_bound":3195.002943277359,"upper_bound":10897.109806537628},"point_estimate":4677.602916955948,"standard_error":1845.3664718854195},"slope":null,"std_dev":{"confidence_interval":{"confidence_level":0.95,"lower_bound":21276.52602011645,"upper_bound":51899.10796379023},"point_estimate":37314.941078838245,"standard_error":7956.96213733613}}