{"mean":{"confidence_interval":{"confidence_level":0.95,"lower_bound":-0.30331124101507956,"upper_bound":-0.18776745263508285},"point_estimate":-0.24941991764287552,"standard_error":0.02951516153365694},"median":{"confidence_interval":{"confidence_level":0.95,"lower_bound":-0.36989032608230676,"upper_bound":-0.16062084067002652},"point_estimate":-0.2865266394974447,"standard_error":0.056688519880228265}}