{"mean":{"confidence_interval":{"confidence_level":0.95,"lower_bound":0.05601179201725086,"upper_bound":0.07346744136991638},"point_estimate":0.06464522670971551,"standard_error":0.0044701964189904995},"median":{"confidence_interval":{"confidence_level":0.95,"lower_bound":0.06426578249421167,"upper_bound":0.07273458291053214},"point_estimate":0.06852045676852847,"standard_error":0.002202751047944937}}