{"mean":{"confidence_interval":{"confidence_level":0.95,"lower_bound":0.3462746469557618,"upper_bound":0.35592053722911215},"point_estimate":0.3511297007776031,"standard_error":0.0024558944679669327},"median":{"confidence_interval":{"confidence_level":0.95,"lower_bound":0.3421342148462909,"upper_bound":0.3510096640357904},"point_estimate":0.34490665591259595,"standard_error":0.0023817041566659473}}