{"mean":{"confidence_interval":{"confidence_level":0.95,"lower_bound":0.5731556656081136,"upper_bound":0.6148605314882436},"point_estimate":0.5943202079322467,"standard_error":0.010710340853965388},"median":{"confidence_interval":{"confidence_level":0.95,"lower_bound":0.576693855938893,"upper_bound":0.6081888203735077},"point_estimate":0.5903624185546252,"standard_error":0.007643990237549792}}