{"mean":{"confidence_interval":{"confidence_level":0.95,"lower_bound":0.25515001035444745,"upper_bound":0.2758907395289054},"point_estimate":0.265160581942141,"standard_error":0.005275949108523799},"median":{"confidence_interval":{"confidence_level":0.95,"lower_bound":0.25281690129272905,"upper_bound":0.2668199166824281},"point_estimate":0.25957277843121096,"standard_error":0.0033515353034355992}}