{"mean":{"confidence_interval":{"confidence_level":0.95,"lower_bound":0.022112255399367023,"upper_bound":0.04778620041597214},"point_estimate":0.03360694627011407,"standard_error":0.006443106171943161},"median":{"confidence_interval":{"confidence_level":0.95,"lower_bound":0.02405648436064667,"upper_bound":0.03818477689466704},"point_estimate":0.030279901920099217,"standard_error":0.003498513154166283}}