{"mean":{"confidence_interval":{"confidence_level":0.95,"lower_bound":0.45688889942128036,"upper_bound":0.4877904252057489},"point_estimate":0.4717677355754941,"standard_error":0.0079454030984},"median":{"confidence_interval":{"confidence_level":0.95,"lower_bound":0.4455253643026213,"upper_bound":0.47123104622620793},"point_estimate":0.4557888987787526,"standard_error":0.006213906577953201}}