{"mean":{"confidence_interval":{"confidence_level":0.95,"lower_bound":0.5035099937435943,"upper_bound":0.5581084417898748},"point_estimate":0.5314274760502691,"standard_error":0.013955451242738849},"median":{"confidence_interval":{"confidence_level":0.95,"lower_bound":0.5333855964566374,"upper_bound":0.5727117783072034},"point_estimate":0.5527665286442456,"standard_error":0.010458313934168698}}