{"mean":{"confidence_interval":{"confidence_level":0.95,"lower_bound":1260661.61875,"upper_bound":1279129.0125},"point_estimate":1268793.5,"standard_error":4741.729443583548},"median":{"confidence_interval":{"confidence_level":0.95,"lower_bound":1250012.5,"upper_bound":1262306.25},"point_estimate":1253343.75,"standard_error":3585.5685704727457},"median_abs_dev":{"confidence_interval":{"confidence_level":0.95,"lower_bound":10378.199815750122,"upper_bound":24601.893313229084},"point_estimate":15483.903475105762,"standard_error":3977.6429674553588},"slope":null,"std_dev":{"confidence_interval":{"confidence_level":0.95,"lower_bound":20592.021708052787,"upper_bound":69365.62613522711},"point_estimate":47494.68180222865,"standard_error":12772.903592333038}}