{"mean":{"confidence_interval":{"confidence_level":0.95,"lower_bound":788983.0615384622,"upper_bound":797550.3230769234},"point_estimate":793009.769230769,"standard_error":2188.8209409450915},"median":{"confidence_interval":{"confidence_level":0.95,"lower_bound":783607.6923076923,"upper_bound":789638.4615384615},"point_estimate":785303.8461538461,"standard_error":1599.0773129310323},"median_abs_dev":{"confidence_interval":{"confidence_level":0.95,"lower_bound":7532.748327805386,"upper_bound":13788.179755210876},"point_estimate":9443.021370814371,"standard_error":1740.1621066071145},"slope":null,"std_dev":{"confidence_interval":{"confidence_level":0.95,"lower_bound":15136.061574179776,"upper_bound":28051.146953417614},"point_estimate":22049.01603402868,"standard_error":3303.027110787929}}