{"mean":{"confidence_interval":{"confidence_level":0.95,"lower_bound":0.010074388133440759,"upper_bound":0.013442786149372481},"point_estimate":0.011745767745769742,"standard_error":0.000850186779473224},"median":{"confidence_interval":{"confidence_level":0.95,"lower_bound":0.008791314290159224,"upper_bound":0.012423681147869958},"point_estimate":0.01067006502560952,"standard_error":0.0009281778468867199}}