{"mean":{"confidence_interval":{"confidence_level":0.95,"lower_bound":0.051777384279461866,"upper_bound":0.07233798372780138},"point_estimate":0.06211020122883304,"standard_error":0.005301936851395403},"median":{"confidence_interval":{"confidence_level":0.95,"lower_bound":0.05184562814275995,"upper_bound":0.0656235866469459},"point_estimate":0.057900615512325615,"standard_error":0.003316435113643977}}