{"mean":{"confidence_interval":{"confidence_level":0.95,"lower_bound":0.46570428823481697,"upper_bound":0.4960723443373915},"point_estimate":0.4806541432249436,"standard_error":0.007716129941044262},"median":{"confidence_interval":{"confidence_level":0.95,"lower_bound":0.4644865101675735,"upper_bound":0.4913272801403816},"point_estimate":0.4790440311901929,"standard_error":0.006420957869162749}}