{"mean":{"confidence_interval":{"confidence_level":0.95,"lower_bound":483403.7583333332,"upper_bound":488349.81309523806},"point_estimate":485741.8571428569,"standard_error":1266.013531399395},"median":{"confidence_interval":{"confidence_level":0.95,"lower_bound":479985.71428571426,"upper_bound":483423.8095238095},"point_estimate":481559.5238095238,"standard_error":939.4581868731657},"median_abs_dev":{"confidence_interval":{"confidence_level":0.95,"lower_bound":4910.229912825995,"upper_bound":9061.598089124456},"point_estimate":6717.589880738962,"standard_error":1054.2581062855845},"slope":null,"std_dev":{"confidence_interval":{"confidence_level":0.95,"lower_bound":9048.108947268636,"upper_bound":16080.123311364141},"point_estimate":12751.363685505681,"standard_error":1802.8153705511763}}