{"mean":{"confidence_interval":{"confidence_level":0.95,"lower_bound":0.4849602333656459,"upper_bound":0.5200658121957241},"point_estimate":0.5020800492128628,"standard_error":0.0089669667001796},"median":{"confidence_interval":{"confidence_level":0.95,"lower_bound":0.47233987659147814,"upper_bound":0.5054904699462921},"point_estimate":0.4911359379982214,"standard_error":0.008677691183447932}}