{"mean":{"confidence_interval":{"confidence_level":0.95,"lower_bound":-0.10583445705581743,"upper_bound":-0.08743879776003605},"point_estimate":-0.09674106616988976,"standard_error":0.004728539165553886},"median":{"confidence_interval":{"confidence_level":0.95,"lower_bound":-0.10623458439227296,"upper_bound":-0.09305365118046183},"point_estimate":-0.09942375890989885,"standard_error":0.0036857922755477663}}