{"mean":{"confidence_interval":{"confidence_level":0.95,"lower_bound":-0.07386648887587309,"upper_bound":-0.07122101092750184},"point_estimate":-0.07267579499784271,"standard_error":0.000670755872933758},"median":{"confidence_interval":{"confidence_level":0.95,"lower_bound":-0.07492534880382284,"upper_bound":-0.07296695647129636},"point_estimate":-0.07405361025732726,"standard_error":0.0004993936671546788}}