{"mean":{"confidence_interval":{"confidence_level":0.95,"lower_bound":0.29780374264744913,"upper_bound":0.3323670180229968},"point_estimate":0.31688867910244856,"standard_error":0.00884492067670979},"median":{"confidence_interval":{"confidence_level":0.95,"lower_bound":0.31614899203497093,"upper_bound":0.3325490203617636},"point_estimate":0.3239508106363289,"standard_error":0.004075586839697316}}