{"mean":{"confidence_interval":{"confidence_level":0.95,"lower_bound":-0.19332080999567444,"upper_bound":-0.15988781354546758},"point_estimate":-0.17636799994785912,"standard_error":0.008537368280870344},"median":{"confidence_interval":{"confidence_level":0.95,"lower_bound":-0.15754517705080695,"upper_bound":-0.1334261611975477},"point_estimate":-0.14163185991536587,"standard_error":0.00581390494072812}}