{"mean":{"confidence_interval":{"confidence_level":0.95,"lower_bound":0.25646910296386743,"upper_bound":0.2909840172883807},"point_estimate":0.27439845852863787,"standard_error":0.008795384376870132},"median":{"confidence_interval":{"confidence_level":0.95,"lower_bound":0.26089820347097636,"upper_bound":0.27999059111689273},"point_estimate":0.2688457689736594,"standard_error":0.004822565906555308}}