{"mean":{"confidence_interval":{"confidence_level":0.95,"lower_bound":0.2432888408148927,"upper_bound":0.2672041218686993},"point_estimate":0.2553116137953837,"standard_error":0.006102796251062502},"median":{"confidence_interval":{"confidence_level":0.95,"lower_bound":0.24823959076214175,"upper_bound":0.2686910557671416},"point_estimate":0.2566534188159151,"standard_error":0.005149220821909652}}