{"mean":{"confidence_interval":{"confidence_level":0.95,"lower_bound":0.55614926892468,"upper_bound":0.5973821069850369},"point_estimate":0.5761745521634916,"standard_error":0.010498217000619054},"median":{"confidence_interval":{"confidence_level":0.95,"lower_bound":0.5513459350614989,"upper_bound":0.5956259471324012},"point_estimate":0.5746142742714331,"standard_error":0.011673596377322735}}