{"mean":{"confidence_interval":{"confidence_level":0.95,"lower_bound":0.0658392478642119,"upper_bound":0.09529310831105535},"point_estimate":0.08014729062746073,"standard_error":0.007481435689009799},"median":{"confidence_interval":{"confidence_level":0.95,"lower_bound":0.0660290985808969,"upper_bound":0.07708682073703943},"point_estimate":0.07238749275275391,"standard_error":0.002794680519177115}}