{"mean":{"confidence_interval":{"confidence_level":0.95,"lower_bound":802765.8461538465,"upper_bound":814502.9384615384},"point_estimate":808145.0769230765,"standard_error":3009.7907254794422},"median":{"confidence_interval":{"confidence_level":0.95,"lower_bound":797130.7692307692,"upper_bound":805246.1538461539},"point_estimate":801757.6923076923,"standard_error":1894.7221773643157},"median_abs_dev":{"confidence_interval":{"confidence_level":0.95,"lower_bound":12984.154384869802,"upper_bound":21452.36627299043},"point_estimate":17323.61046167519,"standard_error":2108.230119931193},"slope":null,"std_dev":{"confidence_interval":{"confidence_level":0.95,"lower_bound":18340.705927499064,"upper_bound":42201.94609600769},"point_estimate":30237.31968589646,"standard_error":6323.937450926896}}