{"mean":{"confidence_interval":{"confidence_level":0.95,"lower_bound":-0.16584696622386547,"upper_bound":-0.13700022663328149},"point_estimate":-0.15041642150804801,"standard_error":0.00735311475982607},"median":{"confidence_interval":{"confidence_level":0.95,"lower_bound":-0.13924126067187823,"upper_bound":-0.12508516114281643},"point_estimate":-0.13046918165592047,"standard_error":0.0038098846510488033}}