{"mean":{"confidence_interval":{"confidence_level":0.95,"lower_bound":-0.0729226108930702,"upper_bound":-0.05718806456691751},"point_estimate":-0.06565600583024267,"standard_error":0.004031731744252497},"median":{"confidence_interval":{"confidence_level":0.95,"lower_bound":-0.07718662499503932,"upper_bound":-0.06669003057650566},"point_estimate":-0.07274158996161018,"standard_error":0.0025138675354278634}}