{"mean":{"confidence_interval":{"confidence_level":0.95,"lower_bound":0.495807538893374,"upper_bound":0.5427056923050952},"point_estimate":0.5175146621836897,"standard_error":0.011821959109269071},"median":{"confidence_interval":{"confidence_level":0.95,"lower_bound":0.49241689057799687,"upper_bound":0.5347966049406591},"point_estimate":0.5098088927556623,"standard_error":0.010340618857872071}}