{"mean":{"confidence_interval":{"confidence_level":0.95,"lower_bound":0.28961397758815405,"upper_bound":0.3161651104433916},"point_estimate":0.30328792575908325,"standard_error":0.00675249101596047},"median":{"confidence_interval":{"confidence_level":0.95,"lower_bound":0.30163179251751493,"upper_bound":0.31928541147947587},"point_estimate":0.3097804486000457,"standard_error":0.004523133353339042}}