{"mean":{"confidence_interval":{"confidence_level":0.95,"lower_bound":412690.7010416666,"upper_bound":417431.7104166665},"point_estimate":414894.6249999998,"standard_error":1212.5018904770463},"median":{"confidence_interval":{"confidence_level":0.95,"lower_bound":410220.8333333333,"upper_bound":413475.0},"point_estimate":411462.5,"standard_error":694.9261361128046},"median_abs_dev":{"confidence_interval":{"confidence_level":0.95,"lower_bound":4836.982414126396,"upper_bound":8802.937343716623},"point_estimate":6887.912377715082,"standard_error":1080.4439384370999},"slope":null,"std_dev":{"confidence_interval":{"confidence_level":0.95,"lower_bound":7774.028214368358,"upper_bound":16113.382766653645},"point_estimate":12188.362696379876,"standard_error":2128.1780690215005}}