{"mean":{"confidence_interval":{"confidence_level":0.95,"lower_bound":0.012229457241157397,"upper_bound":0.06434497833218895},"point_estimate":0.043564008527051445,"standard_error":0.013973481851843286},"median":{"confidence_interval":{"confidence_level":0.95,"lower_bound":0.052737121163075384,"upper_bound":0.06352369602817753},"point_estimate":0.05892266949959257,"standard_error":0.002783512543792488}}