{"mean":{"confidence_interval":{"confidence_level":0.95,"lower_bound":0.053427625680944515,"upper_bound":0.060340615253783536},"point_estimate":0.056757843965766996,"standard_error":0.0017402808920487076},"median":{"confidence_interval":{"confidence_level":0.95,"lower_bound":0.05258703567161116,"upper_bound":0.05640064513304788},"point_estimate":0.054137670955551,"standard_error":0.0009276590279092731}}