{"mean":{"confidence_interval":{"confidence_level":0.95,"lower_bound":-0.0925066828760261,"upper_bound":-0.0625142633518926},"point_estimate":-0.07916016271387405,"standard_error":0.007523469999303017},"median":{"confidence_interval":{"confidence_level":0.95,"lower_bound":-0.1084565559690811,"upper_bound":-0.06896061111977925},"point_estimate":-0.09744964674749401,"standard_error":0.009925100041669408}}