{"mean":{"confidence_interval":{"confidence_level":0.95,"lower_bound":0.7346712863729878,"upper_bound":0.7891990577157679},"point_estimate":0.7613516721114619,"standard_error":0.013904838985089296},"median":{"confidence_interval":{"confidence_level":0.95,"lower_bound":0.7268227454469258,"upper_bound":0.7560474205640295},"point_estimate":0.7413965477457678,"standard_error":0.007547139373233142}}