{"mean":{"confidence_interval":{"confidence_level":0.95,"lower_bound":0.4153862675854841,"upper_bound":0.45690927433462625},"point_estimate":0.43519340873259704,"standard_error":0.010520829129015929},"median":{"confidence_interval":{"confidence_level":0.95,"lower_bound":0.4038464761349445,"upper_bound":0.4443190772978005},"point_estimate":0.4187172828242549,"standard_error":0.010193295883846982}}