{"mean":{"confidence_interval":{"confidence_level":0.95,"lower_bound":-0.09676605573939771,"upper_bound":-0.07066789810506521},"point_estimate":-0.08436468985246537,"standard_error":0.006806694512159936},"median":{"confidence_interval":{"confidence_level":0.95,"lower_bound":-0.1078880881811509,"upper_bound":-0.08947894482036634},"point_estimate":-0.10077416852195409,"standard_error":0.004224403265191241}}