{"mean":{"confidence_interval":{"confidence_level":0.95,"lower_bound":0.5172364923274292,"upper_bound":0.5521661358963197},"point_estimate":0.5348155461010737,"standard_error":0.008914587733491484},"median":{"confidence_interval":{"confidence_level":0.95,"lower_bound":0.5113548142942097,"upper_bound":0.5515195807626256},"point_estimate":0.5281489453393258,"standard_error":0.010230131269251989}}