{"mean":{"confidence_interval":{"confidence_level":0.95,"lower_bound":-0.1293323618082744,"upper_bound":-0.12213868418746941},"point_estimate":-0.12601332728696701,"standard_error":0.0018428233507937568},"median":{"confidence_interval":{"confidence_level":0.95,"lower_bound":-0.13295289574300273,"upper_bound":-0.1304441753369472},"point_estimate":-0.13174317581425754,"standard_error":0.0006598238029096514}}