{"mean":{"confidence_interval":{"confidence_level":0.95,"lower_bound":0.005979460502992718,"upper_bound":0.013354727480801585},"point_estimate":0.009921025696588037,"standard_error":0.0018958221537079304},"median":{"confidence_interval":{"confidence_level":0.95,"lower_bound":0.0067720369012531645,"upper_bound":0.010602358570057202},"point_estimate":0.008839259086560913,"standard_error":0.0010786433685258151}}