{"mean":{"confidence_interval":{"confidence_level":0.95,"lower_bound":599173.8036409857,"upper_bound":602681.0475351791},"point_estimate":600616.6514995717,"standard_error":913.781159489549},"median":{"confidence_interval":{"confidence_level":0.95,"lower_bound":598460.7594936709,"upper_bound":599158.2978723404},"point_estimate":598840.3453689169,"standard_error":180.57137287635936},"median_abs_dev":{"confidence_interval":{"confidence_level":0.95,"lower_bound":893.306807509673,"upper_bound":1491.764396592753},"point_estimate":1189.0255500545697,"standard_error":162.68115626265316},"slope":{"confidence_interval":{"confidence_level":0.95,"lower_bound":598844.0705313544,"upper_bound":599690.6916075208},"point_estimate":599241.2569824146,"standard_error":216.296803100222},"std_dev":{"confidence_interval":{"confidence_level":0.95,"lower_bound":1973.9261467252923,"upper_bound":14732.045617454623},"point_estimate":9166.93225082648,"standard_error":3510.1548526209185}}