{"mean":{"confidence_interval":{"confidence_level":0.95,"lower_bound":656576.4359375,"upper_bound":667160.50625},"point_estimate":661432.0625,"standard_error":2711.5035580247863},"median":{"confidence_interval":{"confidence_level":0.95,"lower_bound":649225.0,"upper_bound":658987.5},"point_estimate":652650.0,"standard_error":2132.889337981191},"median_abs_dev":{"confidence_interval":{"confidence_level":0.95,"lower_bound":9840.757325291634,"upper_bound":18671.49341851473},"point_estimate":14436.81724369526,"standard_error":2336.8678502181137},"slope":null,"std_dev":{"confidence_interval":{"confidence_level":0.95,"lower_bound":16828.407231037752,"upper_bound":37985.93476558659},"point_estimate":27196.44373753502,"standard_error":5736.578045868199}}