{"mean":{"confidence_interval":{"confidence_level":0.95,"lower_bound":0.2671159080043099,"upper_bound":0.2986803507251268},"point_estimate":0.28259673717782285,"standard_error":0.00807831705202623},"median":{"confidence_interval":{"confidence_level":0.95,"lower_bound":0.26754298566008083,"upper_bound":0.3105765441381676},"point_estimate":0.29649395932073075,"standard_error":0.011604314929104187}}