{"mean":{"confidence_interval":{"confidence_level":0.95,"lower_bound":0.021059035918039943,"upper_bound":0.04558598570332742},"point_estimate":0.033810351590334076,"standard_error":0.0062453608259405045},"median":{"confidence_interval":{"confidence_level":0.95,"lower_bound":0.03350845483814879,"upper_bound":0.04837913103395408},"point_estimate":0.03856153028393239,"standard_error":0.004023065491581758}}