{"mean":{"confidence_interval":{"confidence_level":0.95,"lower_bound":-0.10481411431883234,"upper_bound":-0.08689420947765099},"point_estimate":-0.09574540212761984,"standard_error":0.004555217563767132},"median":{"confidence_interval":{"confidence_level":0.95,"lower_bound":-0.10194256131204071,"upper_bound":-0.08387810875142676},"point_estimate":-0.09279126035229013,"standard_error":0.0047521865862447865}}