{"mean":{"confidence_interval":{"confidence_level":0.95,"lower_bound":-0.13259780960190123,"upper_bound":-0.12740688210770587},"point_estimate":-0.130064398505488,"standard_error":0.0013241590276226675},"median":{"confidence_interval":{"confidence_level":0.95,"lower_bound":-0.13801659175737135,"upper_bound":-0.1347666689566478},"point_estimate":-0.13652311972950726,"standard_error":0.0009925705263805732}}