{"mean":{"confidence_interval":{"confidence_level":0.95,"lower_bound":-0.12189802246244653,"upper_bound":-0.10771293841825053},"point_estimate":-0.11527006994298505,"standard_error":0.003618891330988541},"median":{"confidence_interval":{"confidence_level":0.95,"lower_bound":-0.12420954682159324,"upper_bound":-0.11622795136212483},"point_estimate":-0.12087290715088883,"standard_error":0.0018550882912281238}}