{"mean":{"confidence_interval":{"confidence_level":0.95,"lower_bound":0.032224896675008,"upper_bound":0.048740725497147606},"point_estimate":0.040597604317234914,"standard_error":0.004248259852033528},"median":{"confidence_interval":{"confidence_level":0.95,"lower_bound":0.029091484021423364,"upper_bound":0.04478205140943725},"point_estimate":0.034887521916139086,"standard_error":0.004096963424175807}}