{"mean":{"confidence_interval":{"confidence_level":0.95,"lower_bound":-0.14461188877725073,"upper_bound":-0.1199569273672743},"point_estimate":-0.13428104395180462,"standard_error":0.006413431877692657},"median":{"confidence_interval":{"confidence_level":0.95,"lower_bound":-0.15034525696477177,"upper_bound":-0.13531145492443442},"point_estimate":-0.1445296544605501,"standard_error":0.0036585286514941727}}