{"mean":{"confidence_interval":{"confidence_level":0.95,"lower_bound":542217.1000000002,"upper_bound":547302.8302631578},"point_estimate":544575.5789473683,"standard_error":1298.5092439621117},"median":{"confidence_interval":{"confidence_level":0.95,"lower_bound":539210.5263157894,"upper_bound":542273.6842105263},"point_estimate":540455.2631578948,"standard_error":708.4423239803406},"median_abs_dev":{"confidence_interval":{"confidence_level":0.95,"lower_bound":4404.882553376627,"upper_bound":8497.736335977195},"point_estimate":5934.301473592616,"standard_error":1045.9461762247129},"slope":null,"std_dev":{"confidence_interval":{"confidence_level":0.95,"lower_bound":8606.866666862456,"upper_bound":16861.829636047554},"point_estimate":12988.654141857793,"standard_error":2107.811989077853}}