{"mean":{"confidence_interval":{"confidence_level":0.95,"lower_bound":0.06252257362621405,"upper_bound":0.08068530456447542},"point_estimate":0.0714036286843307,"standard_error":0.004643414803974634},"median":{"confidence_interval":{"confidence_level":0.95,"lower_bound":0.054029125881422724,"upper_bound":0.06694213470727273},"point_estimate":0.05852217401692483,"standard_error":0.0037249614665224168}}