{"mean":{"confidence_interval":{"confidence_level":0.95,"lower_bound":-0.10110583373580553,"upper_bound":-0.07865385120007642},"point_estimate":-0.09053099453711244,"standard_error":0.005619014604788668},"median":{"confidence_interval":{"confidence_level":0.95,"lower_bound":-0.10664382408571926,"upper_bound":-0.08720348169726155},"point_estimate":-0.09825531322483916,"standard_error":0.004709379702658213}}