{"mean":{"confidence_interval":{"confidence_level":0.95,"lower_bound":0.0549770726544389,"upper_bound":0.07624388271080022},"point_estimate":0.06598389999789878,"standard_error":0.005386948018739075},"median":{"confidence_interval":{"confidence_level":0.95,"lower_bound":0.06586513233212941,"upper_bound":0.07702402203340108},"point_estimate":0.07093259644393357,"standard_error":0.002670589992446846}}