{"mean":{"confidence_interval":{"confidence_level":0.95,"lower_bound":404801.7447916667,"upper_bound":410307.45937499986},"point_estimate":407234.83333333314,"standard_error":1415.4998022984876},"median":{"confidence_interval":{"confidence_level":0.95,"lower_bound":401727.0833333334,"upper_bound":404975.0},"point_estimate":403350.0,"standard_error":825.8930937388408},"median_abs_dev":{"confidence_interval":{"confidence_level":0.95,"lower_bound":2986.8211969733384,"upper_bound":6270.162388682351},"point_estimate":4725.787416100502,"standard_error":828.888817624366},"slope":null,"std_dev":{"confidence_interval":{"confidence_level":0.95,"lower_bound":6541.3760920634895,"upper_bound":21082.71816974483},"point_estimate":14226.703019882618,"standard_error":3847.4147277199095}}