{"mean":{"confidence_interval":{"confidence_level":0.95,"lower_bound":-0.21822157269302936,"upper_bound":-0.21559714460649704},"point_estimate":-0.2169880764467348,"standard_error":0.0006402514024313097},"median":{"confidence_interval":{"confidence_level":0.95,"lower_bound":-0.219597487863196,"upper_bound":-0.21657479298608362},"point_estimate":-0.21819868422614674,"standard_error":0.0006399794479953155}}