{"mean":{"confidence_interval":{"confidence_level":0.95,"lower_bound":84.10687770225307,"upper_bound":91.59275286972633},"point_estimate":87.81015834143437,"standard_error":1.857746153023246},"median":{"confidence_interval":{"confidence_level":0.95,"lower_bound":87.22695294758019,"upper_bound":91.4257437812118},"point_estimate":88.65395794368605,"standard_error":1.006807854687222}}