{"mean":{"confidence_interval":{"confidence_level":0.95,"lower_bound":-0.23152656044131908,"upper_bound":-0.180604136782813},"point_estimate":-0.20584934730574123,"standard_error":0.013044397976297115},"median":{"confidence_interval":{"confidence_level":0.95,"lower_bound":-0.16974038178760753,"upper_bound":-0.12454022035404622},"point_estimate":-0.14224538730181635,"standard_error":0.011401696208546874}}