{"mean":{"confidence_interval":{"confidence_level":0.95,"lower_bound":-0.11041935473363304,"upper_bound":-0.08171882104890668},"point_estimate":-0.09733764480342033,"standard_error":0.007232747705836025},"median":{"confidence_interval":{"confidence_level":0.95,"lower_bound":-0.1459113813171764,"upper_bound":-0.13722218501728645},"point_estimate":-0.14280441030671942,"standard_error":0.0021405509318625357}}