{"mean":{"confidence_interval":{"confidence_level":0.95,"lower_bound":0.07214621647232874,"upper_bound":0.1008977952262613},"point_estimate":0.08580796695546922,"standard_error":0.0071978781370266535},"median":{"confidence_interval":{"confidence_level":0.95,"lower_bound":0.07680678527559626,"upper_bound":0.09095496362536637},"point_estimate":0.08425454367227636,"standard_error":0.0037144678893157273}}