{"mean":{"confidence_interval":{"confidence_level":0.95,"lower_bound":0.2707672656516304,"upper_bound":0.2932750325757074},"point_estimate":0.281943945180132,"standard_error":0.005719694418141628},"median":{"confidence_interval":{"confidence_level":0.95,"lower_bound":0.263138458231909,"upper_bound":0.2834276604519257},"point_estimate":0.27266793375523535,"standard_error":0.004949774124296603}}