{"mean":{"confidence_interval":{"confidence_level":0.95,"lower_bound":442068.52368421067,"upper_bound":470772.05394736864},"point_estimate":455919.10526315816,"standard_error":7343.504883243298},"median":{"confidence_interval":{"confidence_level":0.95,"lower_bound":411821.05263157893,"upper_bound":431847.36842105264},"point_estimate":417052.6315789474,"standard_error":5239.000013364523},"median_abs_dev":{"confidence_interval":{"confidence_level":0.95,"lower_bound":12098.796100992937,"upper_bound":40705.172435233486},"point_estimate":21263.60488565353,"standard_error":7340.06096552881},"slope":null,"std_dev":{"confidence_interval":{"confidence_level":0.95,"lower_bound":58583.80692063055,"upper_bound":87003.28791392807},"point_estimate":73774.35603978737,"standard_error":7269.729200733739}}