{"mean":{"confidence_interval":{"confidence_level":0.95,"lower_bound":-0.613165661299067,"upper_bound":-0.5810533904173132},"point_estimate":-0.5977950381303885,"standard_error":0.008188506013992111},"median":{"confidence_interval":{"confidence_level":0.95,"lower_bound":-0.615546362115202,"upper_bound":-0.5884279591712771},"point_estimate":-0.5976095059809783,"standard_error":0.0081766705470389}}