{"mean":{"confidence_interval":{"confidence_level":0.95,"lower_bound":127548.61953581066,"upper_bound":128230.3028816982},"point_estimate":127857.58330637489,"standard_error":174.91069284391153},"median":{"confidence_interval":{"confidence_level":0.95,"lower_bound":127383.48030018763,"upper_bound":127796.45549941703},"point_estimate":127537.38705738705,"standard_error":98.89434784169238},"median_abs_dev":{"confidence_interval":{"confidence_level":0.95,"lower_bound":507.3225397111908,"upper_bound":805.4410085763807},"point_estimate":618.3755586418949,"standard_error":75.88014098077888},"slope":{"confidence_interval":{"confidence_level":0.95,"lower_bound":127595.5050409837,"upper_bound":128099.04064827513},"point_estimate":127824.59926112014,"standard_error":129.34127673862605},"std_dev":{"confidence_interval":{"confidence_level":0.95,"lower_bound":950.6013977811957,"upper_bound":2501.0913011953658},"point_estimate":1760.363959581384,"standard_error":404.36325841311003}}