{"mean":{"confidence_interval":{"confidence_level":0.95,"lower_bound":-0.14129545842735403,"upper_bound":-0.1373240863118713},"point_estimate":-0.13915682699229515,"standard_error":0.0010133534324149951},"median":{"confidence_interval":{"confidence_level":0.95,"lower_bound":-0.13935939895055305,"upper_bound":-0.13632436495879827},"point_estimate":-0.13771360755900142,"standard_error":0.0007759339107278499}}