{"mean":{"confidence_interval":{"confidence_level":0.95,"lower_bound":-0.20172092796835772,"upper_bound":-0.1929526538008088},"point_estimate":-0.19723961635310905,"standard_error":0.002224253527074495},"median":{"confidence_interval":{"confidence_level":0.95,"lower_bound":-0.20102422539807996,"upper_bound":-0.19498029560223998},"point_estimate":-0.1992845600354356,"standard_error":0.0015740348686976537}}