{"mean":{"confidence_interval":{"confidence_level":0.95,"lower_bound":0.3403725612100471,"upper_bound":0.3674560691840165},"point_estimate":0.3545212014819368,"standard_error":0.006954376069591088},"median":{"confidence_interval":{"confidence_level":0.95,"lower_bound":0.3310061442180392,"upper_bound":0.36242476318184447},"point_estimate":0.3483774176098686,"standard_error":0.008311177338963801}}