{"mean":{"confidence_interval":{"confidence_level":0.95,"lower_bound":0.422970758823221,"upper_bound":0.47529244408330246},"point_estimate":0.44956336732031943,"standard_error":0.013332313408898613},"median":{"confidence_interval":{"confidence_level":0.95,"lower_bound":0.4380222154009338,"upper_bound":0.5031994084782886},"point_estimate":0.4716986900439071,"standard_error":0.016114041314261317}}