{"mean":{"confidence_interval":{"confidence_level":0.95,"lower_bound":0.28628327405658455,"upper_bound":0.3093796191581246},"point_estimate":0.2974266295344399,"standard_error":0.005808423403112644},"median":{"confidence_interval":{"confidence_level":0.95,"lower_bound":0.27948233151118207,"upper_bound":0.2965209705325722},"point_estimate":0.28717937426702256,"standard_error":0.004073254611285265}}