{"mean":{"confidence_interval":{"confidence_level":0.95,"lower_bound":-0.11126816841454683,"upper_bound":-0.10670977246840928},"point_estimate":-0.10898110241757375,"standard_error":0.0012036778755188044},"median":{"confidence_interval":{"confidence_level":0.95,"lower_bound":-0.11266862723908709,"upper_bound":-0.11047705443200038},"point_estimate":-0.11193362728100598,"standard_error":0.0005520244175516492}}