{"mean":{"confidence_interval":{"confidence_level":0.95,"lower_bound":-0.0893889464264425,"upper_bound":-0.08533851615042436},"point_estimate":-0.08744438676896771,"standard_error":0.001031122511498745},"median":{"confidence_interval":{"confidence_level":0.95,"lower_bound":-0.0907278603312901,"upper_bound":-0.08706776307238695},"point_estimate":-0.08875134730195622,"standard_error":0.0009241958278503506}}