{"mean":{"confidence_interval":{"confidence_level":0.95,"lower_bound":0.30547745871586274,"upper_bound":0.33313106588712427},"point_estimate":0.319380907016626,"standard_error":0.007056424131755053},"median":{"confidence_interval":{"confidence_level":0.95,"lower_bound":0.31089718655898557,"upper_bound":0.33885850536685624},"point_estimate":0.3235861900395811,"standard_error":0.007279945155310332}}