{"mean":{"confidence_interval":{"confidence_level":0.95,"lower_bound":17116.267353670763,"upper_bound":17479.35383325125},"point_estimate":17286.902282935207,"standard_error":93.16261387255037},"median":{"confidence_interval":{"confidence_level":0.95,"lower_bound":16957.14285714286,"upper_bound":17123.92156862745},"point_estimate":17032.73345754291,"standard_error":43.639834742883174},"median_abs_dev":{"confidence_interval":{"confidence_level":0.95,"lower_bound":299.2823594214577,"upper_bound":483.9776130173477},"point_estimate":402.27873632942527,"standard_error":45.26590438983554},"slope":{"confidence_interval":{"confidence_level":0.95,"lower_bound":17006.466881034557,"upper_bound":17283.07640850881},"point_estimate":17134.946628244914,"standard_error":70.58870854144563},"std_dev":{"confidence_interval":{"confidence_level":0.95,"lower_bound":637.5260768479525,"upper_bound":1196.5656568808427},"point_estimate":936.7977927099774,"standard_error":142.80517917814475}}