{"mean":{"confidence_interval":{"confidence_level":0.95,"lower_bound":0.12374515658044169,"upper_bound":0.1338134408180814},"point_estimate":0.12865818823983943,"standard_error":0.002579324912191505},"median":{"confidence_interval":{"confidence_level":0.95,"lower_bound":0.12747884613359628,"upper_bound":0.1329855150718642},"point_estimate":0.13010722474210468,"standard_error":0.001205884164274077}}