{"mean":{"confidence_interval":{"confidence_level":0.95,"lower_bound":0.4638285729099378,"upper_bound":0.50355018663489},"point_estimate":0.4838442533007148,"standard_error":0.010088640371234733},"median":{"confidence_interval":{"confidence_level":0.95,"lower_bound":0.451685476841659,"upper_bound":0.49418097283840545},"point_estimate":0.4767102362962976,"standard_error":0.010978003462173752}}