{"mean":{"confidence_interval":{"confidence_level":0.95,"lower_bound":0.9913875496358658,"upper_bound":1.052942007952509},"point_estimate":1.0218254300018406,"standard_error":0.015608995360432},"median":{"confidence_interval":{"confidence_level":0.95,"lower_bound":0.9945747526168693,"upper_bound":1.036049368377376},"point_estimate":1.0073594472288323,"standard_error":0.011195845721968266}}