{"mean":{"confidence_interval":{"confidence_level":0.95,"lower_bound":-0.13096217803202256,"upper_bound":-0.12555589445858703},"point_estimate":-0.12825398826885415,"standard_error":0.001378213801779558},"median":{"confidence_interval":{"confidence_level":0.95,"lower_bound":-0.13502105664013808,"upper_bound":-0.1308750553406136},"point_estimate":-0.13268522098489344,"standard_error":0.0010791638695841828}}