{"mean":{"confidence_interval":{"confidence_level":0.95,"lower_bound":1088176.4416666664,"upper_bound":1111204.1694444444},"point_estimate":1098966.2222222225,"standard_error":5880.228724363812},"median":{"confidence_interval":{"confidence_level":0.95,"lower_bound":1075311.111111111,"upper_bound":1089188.888888889},"point_estimate":1081522.2222222222,"standard_error":3519.5083020117886},"median_abs_dev":{"confidence_interval":{"confidence_level":0.95,"lower_bound":18252.45300928736,"upper_bound":32798.4060843786},"point_estimate":25327.749550342618,"standard_error":3741.6159225654806},"slope":null,"std_dev":{"confidence_interval":{"confidence_level":0.95,"lower_bound":39407.671684934205,"upper_bound":76501.82627227354},"point_estimate":59058.7256571281,"standard_error":9529.309389157397}}