{"mean":{"confidence_interval":{"confidence_level":0.95,"lower_bound":34110.22020230079,"upper_bound":34602.559020787536},"point_estimate":34343.202852342576,"standard_error":126.09909548910572},"median":{"confidence_interval":{"confidence_level":0.95,"lower_bound":33821.17922520221,"upper_bound":34246.95175438597},"point_estimate":34038.378514056225,"standard_error":120.36279591652989},"median_abs_dev":{"confidence_interval":{"confidence_level":0.95,"lower_bound":487.7312444427802,"upper_bound":901.5986468957582},"point_estimate":684.421786629575,"standard_error":106.35944684840352},"slope":{"confidence_interval":{"confidence_level":0.95,"lower_bound":34092.63570881425,"upper_bound":34805.9929033573},"point_estimate":34422.51652627949,"standard_error":183.1890471590597},"std_dev":{"confidence_interval":{"confidence_level":0.95,"lower_bound":851.5719353198119,"upper_bound":1646.421667695726},"point_estimate":1265.0921091170303,"standard_error":204.32510719473763}}