{"mean":{"confidence_interval":{"confidence_level":0.95,"lower_bound":0.31965261944810314,"upper_bound":0.34443202965443864},"point_estimate":0.3321486236417257,"standard_error":0.006347325836620658},"median":{"confidence_interval":{"confidence_level":0.95,"lower_bound":0.314113072313277,"upper_bound":0.3374872031122029},"point_estimate":0.3231653019265466,"standard_error":0.006312876967049823}}