{"mean":{"confidence_interval":{"confidence_level":0.95,"lower_bound":0.8223823239085517,"upper_bound":0.8971790346390884},"point_estimate":0.8592456382902243,"standard_error":0.019080641173700903},"median":{"confidence_interval":{"confidence_level":0.95,"lower_bound":0.8367550215840487,"upper_bound":0.9071503270955632},"point_estimate":0.863063346819888,"standard_error":0.01770255414988782}}