{"mean":{"confidence_interval":{"confidence_level":0.95,"lower_bound":-0.12573752063502783,"upper_bound":-0.1224690087838069},"point_estimate":-0.12406821946361946,"standard_error":0.0008399070168007739},"median":{"confidence_interval":{"confidence_level":0.95,"lower_bound":-0.12599435871309606,"upper_bound":-0.12310919888215077},"point_estimate":-0.12493421688323458,"standard_error":0.0007363201217205454}}