{"mean":{"confidence_interval":{"confidence_level":0.95,"lower_bound":0.008460891811160937,"upper_bound":0.07312514077822005},"point_estimate":0.026885741669185004,"standard_error":0.01730465790541659},"median":{"confidence_interval":{"confidence_level":0.95,"lower_bound":0.00784058913430763,"upper_bound":0.009465443906434334},"point_estimate":0.008779406863841599,"standard_error":0.00041174594170070503}}