{"mean":{"confidence_interval":{"confidence_level":0.95,"lower_bound":429938.99565217365,"upper_bound":434408.52391304343},"point_estimate":432058.1739130436,"standard_error":1147.4479421956762},"median":{"confidence_interval":{"confidence_level":0.95,"lower_bound":427402.17391304346,"upper_bound":430234.7826086957},"point_estimate":428745.6521739131,"standard_error":779.6222630539477},"median_abs_dev":{"confidence_interval":{"confidence_level":0.95,"lower_bound":3912.774713143036,"upper_bound":7274.4090012882025},"point_estimate":5289.0142539272465,"standard_error":840.0396574388425},"slope":null,"std_dev":{"confidence_interval":{"confidence_level":0.95,"lower_bound":8107.919989627949,"upper_bound":14508.2417667631},"point_estimate":11528.329315384619,"standard_error":1637.1160947882252}}