{"mean":{"confidence_interval":{"confidence_level":0.95,"lower_bound":-0.052926585065641046,"upper_bound":-0.03517168830804794},"point_estimate":-0.04395315449882187,"standard_error":0.004575432469571868},"median":{"confidence_interval":{"confidence_level":0.95,"lower_bound":-0.05613074453155398,"upper_bound":-0.043192219092715534},"point_estimate":-0.04952260301783695,"standard_error":0.003201412735710177}}