{"mean":{"confidence_interval":{"confidence_level":0.95,"lower_bound":0.4048562708498633,"upper_bound":0.4518280817846283},"point_estimate":0.42858020794459306,"standard_error":0.011976923933303421},"median":{"confidence_interval":{"confidence_level":0.95,"lower_bound":0.39717014102571135,"upper_bound":0.45156844438516597},"point_estimate":0.4295885619946316,"standard_error":0.014516074664204862}}