{"mean":{"confidence_interval":{"confidence_level":0.95,"lower_bound":1.1425292572613974,"upper_bound":1.232264802824124},"point_estimate":1.1870705211825987,"standard_error":0.02284065534013317},"median":{"confidence_interval":{"confidence_level":0.95,"lower_bound":1.148622508276142,"upper_bound":1.214774613581118},"point_estimate":1.180613039241547,"standard_error":0.0166262447354879}}