{"mean":{"confidence_interval":{"confidence_level":0.95,"lower_bound":0.0831700938561829,"upper_bound":0.08814115772482907},"point_estimate":0.08554332936580611,"standard_error":0.0012511848302351632},"median":{"confidence_interval":{"confidence_level":0.95,"lower_bound":0.08254955006034304,"upper_bound":0.08725214940263304},"point_estimate":0.08409302946607711,"standard_error":0.0010080827481404862}}