{"mean":{"confidence_interval":{"confidence_level":0.95,"lower_bound":571468.9958333336,"upper_bound":577502.7861111112},"point_estimate":574356.6111111112,"standard_error":1547.5138283803217},"median":{"confidence_interval":{"confidence_level":0.95,"lower_bound":566644.4444444445,"upper_bound":571122.2222222222},"point_estimate":568572.2222222222,"standard_error":1145.3693502124313},"median_abs_dev":{"confidence_interval":{"confidence_level":0.95,"lower_bound":6185.736556847929,"upper_bound":11836.089789867545},"point_estimate":9756.331493457168,"standard_error":1549.4822899789965},"slope":null,"std_dev":{"confidence_interval":{"confidence_level":0.95,"lower_bound":11819.982244923865,"upper_bound":18910.393905376124},"point_estimate":15575.56396575588,"standard_error":1812.243809832701}}