{"mean":{"confidence_interval":{"confidence_level":0.95,"lower_bound":0.3435424759726581,"upper_bound":0.36989848579789586},"point_estimate":0.356874972394319,"standard_error":0.006784723672429491},"median":{"confidence_interval":{"confidence_level":0.95,"lower_bound":0.3377624795592864,"upper_bound":0.35933191636029416},"point_estimate":0.3474290425027715,"standard_error":0.005720855495809329}}