{"mean":{"confidence_interval":{"confidence_level":0.95,"lower_bound":0.10899982262163252,"upper_bound":0.1298752746458125},"point_estimate":0.12001082074585634,"standard_error":0.0053422733757379475},"median":{"confidence_interval":{"confidence_level":0.95,"lower_bound":0.12612827282807412,"upper_bound":0.13873583215333163},"point_estimate":0.13213695855052543,"standard_error":0.003228548270330244}}