{"mean":{"confidence_interval":{"confidence_level":0.95,"lower_bound":5822.558061321547,"upper_bound":5945.348937518217},"point_estimate":5880.966724748279,"standard_error":31.34228783197738},"median":{"confidence_interval":{"confidence_level":0.95,"lower_bound":5742.629716981132,"upper_bound":5834.335075493612},"point_estimate":5779.0922619047615,"standard_error":23.619315251826286},"median_abs_dev":{"confidence_interval":{"confidence_level":0.95,"lower_bound":126.30345581687554,"upper_bound":243.56234557958575},"point_estimate":172.08414008257458,"standard_error":29.855239537349714},"slope":{"confidence_interval":{"confidence_level":0.95,"lower_bound":5787.6299487657,"upper_bound":5957.242604827224},"point_estimate":5865.068484926851,"standard_error":43.57090537144814},"std_dev":{"confidence_interval":{"confidence_level":0.95,"lower_bound":232.63697834872676,"upper_bound":388.0074085316641},"point_estimate":314.21693713411275,"standard_error":39.783266372194426}}