{"mean":{"confidence_interval":{"confidence_level":0.95,"lower_bound":-0.12676558238413743,"upper_bound":-0.1228451154251954},"point_estimate":-0.12489676200355793,"standard_error":0.0010032459806305605},"median":{"confidence_interval":{"confidence_level":0.95,"lower_bound":-0.12744463733208622,"upper_bound":-0.12422043118542592},"point_estimate":-0.1261421201842533,"standard_error":0.0007906585981529948}}