{"mean":{"confidence_interval":{"confidence_level":0.95,"lower_bound":0.05256025685056428,"upper_bound":0.07342497367602191},"point_estimate":0.06362049496262223,"standard_error":0.005314822279212182},"median":{"confidence_interval":{"confidence_level":0.95,"lower_bound":0.06372309520522679,"upper_bound":0.07289142787792624},"point_estimate":0.06838653227223657,"standard_error":0.0024034648357796726}}