{"mean":{"confidence_interval":{"confidence_level":0.95,"lower_bound":-0.14615666456656123,"upper_bound":-0.12514164237825445},"point_estimate":-0.13536838434437026,"standard_error":0.0053585448953836065},"median":{"confidence_interval":{"confidence_level":0.95,"lower_bound":-0.14427211047095023,"upper_bound":-0.12608809228876472},"point_estimate":-0.13579068949932205,"standard_error":0.004563438836179953}}