{"mean":{"confidence_interval":{"confidence_level":0.95,"lower_bound":0.26658486248867935,"upper_bound":0.2927602454636427},"point_estimate":0.2800123228965441,"standard_error":0.006677196455560783},"median":{"confidence_interval":{"confidence_level":0.95,"lower_bound":0.2675572764895044,"upper_bound":0.292060261372755},"point_estimate":0.2787570753395616,"standard_error":0.006105116164445711}}