{"mean":{"confidence_interval":{"confidence_level":0.95,"lower_bound":0.05146709588070198,"upper_bound":0.08983386267134319},"point_estimate":0.0732594496961676,"standard_error":0.009812911480418178},"median":{"confidence_interval":{"confidence_level":0.95,"lower_bound":0.07110542211689941,"upper_bound":0.08435416689347108},"point_estimate":0.07754754589835011,"standard_error":0.0034338555219349687}}