{"mean":{"confidence_interval":{"confidence_level":0.95,"lower_bound":0.04536314590650912,"upper_bound":0.04914039840894071},"point_estimate":0.04725613612617052,"standard_error":0.0009858934464521156},"median":{"confidence_interval":{"confidence_level":0.95,"lower_bound":0.04491571840271913,"upper_bound":0.04876537644417156},"point_estimate":0.0461073123113207,"standard_error":0.001034137773742727}}