{"mean":{"confidence_interval":{"confidence_level":0.95,"lower_bound":1.1364048858077953,"upper_bound":1.1609383632286399},"point_estimate":1.1488814835046819,"standard_error":0.006279467526264177},"median":{"confidence_interval":{"confidence_level":0.95,"lower_bound":1.1429985186547458,"upper_bound":1.1513253007199813},"point_estimate":1.1463053552286167,"standard_error":0.0020515106267523175}}