{"mean":{"confidence_interval":{"confidence_level":0.95,"lower_bound":0.03217483457455708,"upper_bound":0.038780235049864796},"point_estimate":0.035537175140676114,"standard_error":0.0016860766496402412},"median":{"confidence_interval":{"confidence_level":0.95,"lower_bound":0.032788870771362166,"upper_bound":0.03671312087781686},"point_estimate":0.034544675474521336,"standard_error":0.0010595929592844765}}