{"mean":{"confidence_interval":{"confidence_level":0.95,"lower_bound":0.11128344451032629,"upper_bound":0.11994881036087068},"point_estimate":0.11558418656539304,"standard_error":0.0022108342099494143},"median":{"confidence_interval":{"confidence_level":0.95,"lower_bound":0.11397096418716135,"upper_bound":0.12034150191228221},"point_estimate":0.11810970767978235,"standard_error":0.001687833273476205}}