{"mean":{"confidence_interval":{"confidence_level":0.95,"lower_bound":-0.0019809542610998965,"upper_bound":0.023250777505538774},"point_estimate":0.011084740396898107,"standard_error":0.006412571050336965},"median":{"confidence_interval":{"confidence_level":0.95,"lower_bound":0.007863280391503871,"upper_bound":0.022500857931641915},"point_estimate":0.015605253598162117,"standard_error":0.0037884163068055013}}