{"mean":{"confidence_interval":{"confidence_level":0.95,"lower_bound":-0.0962112928798613,"upper_bound":-0.08220171804570156},"point_estimate":-0.08953144243059352,"standard_error":0.003561752807732751},"median":{"confidence_interval":{"confidence_level":0.95,"lower_bound":-0.10023076030730826,"upper_bound":-0.08991421174827474},"point_estimate":-0.09567622863398995,"standard_error":0.002535762464711579}}