{"mean":{"confidence_interval":{"confidence_level":0.95,"lower_bound":0.4523045332074036,"upper_bound":0.4953810907448851},"point_estimate":0.4749389218218185,"standard_error":0.01091237610786736},"median":{"confidence_interval":{"confidence_level":0.95,"lower_bound":0.46239249171992025,"upper_bound":0.481538474580679},"point_estimate":0.47002992247028175,"standard_error":0.005012703319254114}}