{"mean":{"confidence_interval":{"confidence_level":0.95,"lower_bound":-0.12123676169788627,"upper_bound":-0.10992311744043455},"point_estimate":-0.11558638088595097,"standard_error":0.002906222502034413},"median":{"confidence_interval":{"confidence_level":0.95,"lower_bound":-0.1268273457554781,"upper_bound":-0.11648004260784028},"point_estimate":-0.12160790649870068,"standard_error":0.002661627698069523}}