{"mean":{"confidence_interval":{"confidence_level":0.95,"lower_bound":-0.16065087730788094,"upper_bound":-0.1573556219784443},"point_estimate":-0.1590989325566743,"standard_error":0.0008325389966789209},"median":{"confidence_interval":{"confidence_level":0.95,"lower_bound":-0.16050224099691757,"upper_bound":-0.15793036294961704},"point_estimate":-0.1593602702928799,"standard_error":0.0006794593549792031}}