{"mean":{"confidence_interval":{"confidence_level":0.95,"lower_bound":-0.104082911541374,"upper_bound":-0.09837756868581789},"point_estimate":-0.10135535794163475,"standard_error":0.0014536890238413323},"median":{"confidence_interval":{"confidence_level":0.95,"lower_bound":-0.10420325858925272,"upper_bound":-0.10068884068222628},"point_estimate":-0.10283935728418547,"standard_error":0.0009065052206499934}}