{"mean":{"confidence_interval":{"confidence_level":0.95,"lower_bound":-0.1948660604261762,"upper_bound":-0.1722803379363581},"point_estimate":-0.18530699814409313,"standard_error":0.005871553560535841},"median":{"confidence_interval":{"confidence_level":0.95,"lower_bound":-0.19436093984448644,"upper_bound":-0.189953239035015},"point_estimate":-0.19265598984764876,"standard_error":0.0011354329797169536}}