{"mean":{"confidence_interval":{"confidence_level":0.95,"lower_bound":39015.038853808066,"upper_bound":39670.59127177675},"point_estimate":39335.264014322005,"standard_error":167.92855831027566},"median":{"confidence_interval":{"confidence_level":0.95,"lower_bound":38545.045045045044,"upper_bound":39383.333333333336},"point_estimate":39014.15113871636,"standard_error":219.6744670909491},"median_abs_dev":{"confidence_interval":{"confidence_level":0.95,"lower_bound":1107.0755180757299,"upper_bound":1824.002872551685},"point_estimate":1475.7883828462668,"standard_error":181.3000270716155},"slope":{"confidence_interval":{"confidence_level":0.95,"lower_bound":38514.545217728286,"upper_bound":38964.36684371748},"point_estimate":38735.765528791686,"standard_error":114.96156528930334},"std_dev":{"confidence_interval":{"confidence_level":0.95,"lower_bound":1398.155805577657,"upper_bound":1936.6628740575582},"point_estimate":1689.306227854432,"standard_error":137.25183583722168}}