{"mean":{"confidence_interval":{"confidence_level":0.95,"lower_bound":-0.034909381091549334,"upper_bound":-0.017195202505234295},"point_estimate":-0.02620731321496772,"standard_error":0.004553044729235505},"median":{"confidence_interval":{"confidence_level":0.95,"lower_bound":-0.037500968594178286,"upper_bound":-0.024288195831152937},"point_estimate":-0.030718368253855544,"standard_error":0.0033940417556425984}}