{"mean":{"confidence_interval":{"confidence_level":0.95,"lower_bound":0.1824396525818276,"upper_bound":0.19221685872202054},"point_estimate":0.18758420163290546,"standard_error":0.002491991410240973},"median":{"confidence_interval":{"confidence_level":0.95,"lower_bound":0.18293333533240186,"upper_bound":0.19643224302319529},"point_estimate":0.1900740905572087,"standard_error":0.003366555315441056}}