{"mean":{"confidence_interval":{"confidence_level":0.95,"lower_bound":0.3012182058125454,"upper_bound":0.32477183166991874},"point_estimate":0.31258275008314396,"standard_error":0.0059935084529805305},"median":{"confidence_interval":{"confidence_level":0.95,"lower_bound":0.2956690704260996,"upper_bound":0.3124204891683866},"point_estimate":0.3004400228085513,"standard_error":0.004426336657122293}}