{"mean":{"confidence_interval":{"confidence_level":0.95,"lower_bound":0.23998652281663796,"upper_bound":0.26098848001676483},"point_estimate":0.2506813947233808,"standard_error":0.0053686131799571945},"median":{"confidence_interval":{"confidence_level":0.95,"lower_bound":0.23282071776047686,"upper_bound":0.26304241052951083},"point_estimate":0.25277014083193805,"standard_error":0.008690455625188713}}