{"mean":{"confidence_interval":{"confidence_level":0.95,"lower_bound":1.0320077279723985,"upper_bound":1.0561771651141512},"point_estimate":1.0434499780619904,"standard_error":0.006115549736213513},"median":{"confidence_interval":{"confidence_level":0.95,"lower_bound":1.0249519835765732,"upper_bound":1.036757406451808},"point_estimate":1.031562755656969,"standard_error":0.003265546721982088}}