{"mean":{"confidence_interval":{"confidence_level":0.95,"lower_bound":482212.12261904764,"upper_bound":492906.85238095233},"point_estimate":487262.6190476191,"standard_error":2733.7575632412268},"median":{"confidence_interval":{"confidence_level":0.95,"lower_bound":474947.61904761905,"upper_bound":484495.2380952381},"point_estimate":478897.61904761905,"standard_error":2212.693016002037},"median_abs_dev":{"confidence_interval":{"confidence_level":0.95,"lower_bound":12771.539773259794,"upper_bound":21706.057864640494},"point_estimate":17025.189697742477,"standard_error":2212.223850334281},"slope":null,"std_dev":{"confidence_interval":{"confidence_level":0.95,"lower_bound":19433.0295002587,"upper_bound":35205.87423669379},"point_estimate":27426.594657260855,"standard_error":4084.161957391898}}