{"mean":{"confidence_interval":{"confidence_level":0.95,"lower_bound":-0.13223831142297815,"upper_bound":-0.11590176812884755},"point_estimate":-0.12392848351330965,"standard_error":0.004216096283947919},"median":{"confidence_interval":{"confidence_level":0.95,"lower_bound":-0.1314729723131013,"upper_bound":-0.1158614526349997},"point_estimate":-0.12562395028963447,"standard_error":0.0040526333469317714}}