{"mean":{"confidence_interval":{"confidence_level":0.95,"lower_bound":19887.639520402605,"upper_bound":20296.843763365916},"point_estimate":20088.536348270372,"standard_error":104.0973707731981},"median":{"confidence_interval":{"confidence_level":0.95,"lower_bound":19754.823529411766,"upper_bound":20178.88888888889},"point_estimate":19957.719242230734,"standard_error":108.33594893250265},"median_abs_dev":{"confidence_interval":{"confidence_level":0.95,"lower_bound":770.2830082759624,"upper_bound":1261.467580635704},"point_estimate":1022.7574394646215,"standard_error":131.25811669412658},"slope":{"confidence_interval":{"confidence_level":0.95,"lower_bound":20072.474382978784,"upper_bound":20448.51871175124},"point_estimate":20253.199615782472,"standard_error":95.98993135653},"std_dev":{"confidence_interval":{"confidence_level":0.95,"lower_bound":882.2385366904292,"upper_bound":1191.977854729968},"point_estimate":1046.5263732703181,"standard_error":79.20218165013631}}