{"mean":{"confidence_interval":{"confidence_level":0.95,"lower_bound":0.23653587108753443,"upper_bound":0.26394732825222783},"point_estimate":0.24974595377446396,"standard_error":0.007065997454642149},"median":{"confidence_interval":{"confidence_level":0.95,"lower_bound":0.2292657822321631,"upper_bound":0.25216685096627},"point_estimate":0.2426975588759035,"standard_error":0.005667481731459373}}