{"mean":{"confidence_interval":{"confidence_level":0.95,"lower_bound":0.17960046650144615,"upper_bound":0.24662831966421997},"point_estimate":0.21538884263652625,"standard_error":0.017118932670921124},"median":{"confidence_interval":{"confidence_level":0.95,"lower_bound":0.24199499052879703,"upper_bound":0.2770868628240484},"point_estimate":0.267870995586726,"standard_error":0.010101226744187083}}