{"mean":{"confidence_interval":{"confidence_level":0.95,"lower_bound":765870.758928571,"upper_bound":797958.7392857141},"point_estimate":780015.3571428573,"standard_error":8251.847166697286},"median":{"confidence_interval":{"confidence_level":0.95,"lower_bound":749428.5714285715,"upper_bound":757942.857142857},"point_estimate":753400.0,"standard_error":1985.9754937024306},"median_abs_dev":{"confidence_interval":{"confidence_level":0.95,"lower_bound":5808.614896876668,"upper_bound":16933.40969937181},"point_estimate":10759.43980898182,"standard_error":2599.834340506888},"slope":null,"std_dev":{"confidence_interval":{"confidence_level":0.95,"lower_bound":35935.12541214078,"upper_bound":120509.60478849041},"point_estimate":82945.358773897,"standard_error":22160.83107672592}}