{"mean":{"confidence_interval":{"confidence_level":0.95,"lower_bound":0.07350262960634572,"upper_bound":0.09890143424706782},"point_estimate":0.0859426326255821,"standard_error":0.006460249859095738},"median":{"confidence_interval":{"confidence_level":0.95,"lower_bound":0.0699902912961643,"upper_bound":0.08758514317640609},"point_estimate":0.0775002254872641,"standard_error":0.004546228711243014}}