{"mean":{"confidence_interval":{"confidence_level":0.95,"lower_bound":0.05897701364439879,"upper_bound":0.08387870295151714},"point_estimate":0.07122363453177072,"standard_error":0.0063693744942902725},"median":{"confidence_interval":{"confidence_level":0.95,"lower_bound":0.06473283892853221,"upper_bound":0.07893678150596117},"point_estimate":0.0726966037580501,"standard_error":0.003612539142798866}}