{"mean":{"confidence_interval":{"confidence_level":0.95,"lower_bound":0.18327592352952302,"upper_bound":0.1879937172625257},"point_estimate":0.18574647909908237,"standard_error":0.0012073722429008296},"median":{"confidence_interval":{"confidence_level":0.95,"lower_bound":0.18827027419463388,"upper_bound":0.19009436142203984},"point_estimate":0.18923913218271826,"standard_error":0.0004741694090915219}}