{"mean":{"confidence_interval":{"confidence_level":0.95,"lower_bound":0.009650116449478802,"upper_bound":0.028105614801166315},"point_estimate":0.018809274255763286,"standard_error":0.004684938421998681},"median":{"confidence_interval":{"confidence_level":0.95,"lower_bound":0.015308222359438567,"upper_bound":0.026497296458230846},"point_estimate":0.020112805255981137,"standard_error":0.0028758567126733153}}