{"mean":{"confidence_interval":{"confidence_level":0.95,"lower_bound":-0.10814656360465477,"upper_bound":-0.09639972825420959},"point_estimate":-0.10265204944687023,"standard_error":0.002986342548234693},"median":{"confidence_interval":{"confidence_level":0.95,"lower_bound":-0.10957367702172645,"upper_bound":-0.10043258782593067},"point_estimate":-0.10436168504803156,"standard_error":0.002171170279504909}}