{"mean":{"confidence_interval":{"confidence_level":0.95,"lower_bound":0.41885917528248057,"upper_bound":0.486885246597354},"point_estimate":0.4499835183466947,"standard_error":0.017378198832593846},"median":{"confidence_interval":{"confidence_level":0.95,"lower_bound":0.4206800966334028,"upper_bound":0.45721002815503353},"point_estimate":0.4423486803557335,"standard_error":0.009687568338802792}}