{"mean":{"confidence_interval":{"confidence_level":0.95,"lower_bound":0.038434508911310276,"upper_bound":0.05662665842383504},"point_estimate":0.046975609767974325,"standard_error":0.004640854257145241},"median":{"confidence_interval":{"confidence_level":0.95,"lower_bound":0.03497478979382085,"upper_bound":0.04901890424720867},"point_estimate":0.040546546647027615,"standard_error":0.0034712470078108776}}