{"mean":{"confidence_interval":{"confidence_level":0.95,"lower_bound":74.70282380042138,"upper_bound":79.85032064962961},"point_estimate":77.1629106450382,"standard_error":1.3114711287121055},"median":{"confidence_interval":{"confidence_level":0.95,"lower_bound":75.65210591359127,"upper_bound":83.02033614365871},"point_estimate":79.8902224219887,"standard_error":1.9718898119341004}}