{"mean":{"confidence_interval":{"confidence_level":0.95,"lower_bound":425530.0110491198,"upper_bound":427051.94186185737},"point_estimate":426269.3641822982,"standard_error":388.9233671529887},"median":{"confidence_interval":{"confidence_level":0.95,"lower_bound":425047.9166666667,"upper_bound":426530.35714285716},"point_estimate":425463.7579169599,"standard_error":413.83650213590613},"median_abs_dev":{"confidence_interval":{"confidence_level":0.95,"lower_bound":2012.0999642780603,"upper_bound":3702.8854622793842},"point_estimate":2842.5212100225394,"standard_error":414.5255726899696},"slope":{"confidence_interval":{"confidence_level":0.95,"lower_bound":425927.7376536981,"upper_bound":427295.0573788249},"point_estimate":426605.6060292596,"standard_error":349.195865431598},"std_dev":{"confidence_interval":{"confidence_level":0.95,"lower_bound":2980.805867529859,"upper_bound":4784.06987262608},"point_estimate":3906.415510679554,"standard_error":462.60868916051}}