{"mean":{"confidence_interval":{"confidence_level":0.95,"lower_bound":45826.938925369446,"upper_bound":46184.09548433541},"point_estimate":46001.655234996055,"standard_error":91.20801632385752},"median":{"confidence_interval":{"confidence_level":0.95,"lower_bound":45640.74074074074,"upper_bound":45935.73200992556},"point_estimate":45751.95623342175,"standard_error":71.27637178313427},"median_abs_dev":{"confidence_interval":{"confidence_level":0.95,"lower_bound":486.81397897510243,"upper_bound":1015.8749646653217},"point_estimate":749.5579610856612,"standard_error":133.17140054676733},"slope":{"confidence_interval":{"confidence_level":0.95,"lower_bound":45626.977523567366,"upper_bound":45960.06331322984},"point_estimate":45787.19021041025,"standard_error":84.78871997869078},"std_dev":{"confidence_interval":{"confidence_level":0.95,"lower_bound":782.1409902597156,"upper_bound":1027.445599471043},"point_estimate":915.460805501375,"standard_error":62.66443185426074}}