{"mean":{"confidence_interval":{"confidence_level":0.95,"lower_bound":66124.39997782957,"upper_bound":66580.34443925535},"point_estimate":66342.67747646214,"standard_error":116.44338564836197},"median":{"confidence_interval":{"confidence_level":0.95,"lower_bound":65744.20997558424,"upper_bound":65966.66666666667},"point_estimate":65828.1490015361,"standard_error":53.40248921035214},"median_abs_dev":{"confidence_interval":{"confidence_level":0.95,"lower_bound":291.32406967204963,"upper_bound":644.6660142713722},"point_estimate":428.841507538057,"standard_error":86.83428297265948},"slope":{"confidence_interval":{"confidence_level":0.95,"lower_bound":66015.48993680923,"upper_bound":66682.72293558042},"point_estimate":66327.90128565095,"standard_error":170.56055931204793},"std_dev":{"confidence_interval":{"confidence_level":0.95,"lower_bound":901.9507422347233,"upper_bound":1390.488218374534},"point_estimate":1167.9633241662777,"standard_error":124.87134801928045}}