{"mean":{"confidence_interval":{"confidence_level":0.95,"lower_bound":0.07045654273374523,"upper_bound":0.07719136179574476},"point_estimate":0.07413425952199426,"standard_error":0.0017223120969021377},"median":{"confidence_interval":{"confidence_level":0.95,"lower_bound":0.07353626523762613,"upper_bound":0.07649706740952245},"point_estimate":0.07520127131206689,"standard_error":0.0007845996540473595}}