{"mean":{"confidence_interval":{"confidence_level":0.95,"lower_bound":0.40425503529503726,"upper_bound":0.44825600258100967},"point_estimate":0.42628662234087944,"standard_error":0.011217836351714543},"median":{"confidence_interval":{"confidence_level":0.95,"lower_bound":0.3950377131014934,"upper_bound":0.45884822489214305},"point_estimate":0.42532866525982094,"standard_error":0.0161903918222955}}