{"mean":{"confidence_interval":{"confidence_level":0.95,"lower_bound":0.3250246904603218,"upper_bound":0.35313215215037386},"point_estimate":0.3389704573296499,"standard_error":0.0071101816960362964},"median":{"confidence_interval":{"confidence_level":0.95,"lower_bound":0.32408404613266484,"upper_bound":0.34665026033192325},"point_estimate":0.33478104133967257,"standard_error":0.005560983385411229}}