{"mean":{"confidence_interval":{"confidence_level":0.95,"lower_bound":0.6826990635797623,"upper_bound":0.7180160226085177},"point_estimate":0.6991964242845372,"standard_error":0.009135993011987295},"median":{"confidence_interval":{"confidence_level":0.95,"lower_bound":0.6648984271640581,"upper_bound":0.7098779130945412},"point_estimate":0.6749314744195305,"standard_error":0.012299583879693425}}