{"mean":{"confidence_interval":{"confidence_level":0.95,"lower_bound":0.3185129657684255,"upper_bound":0.35634940839566076},"point_estimate":0.3379973894533739,"standard_error":0.009592950266048094},"median":{"confidence_interval":{"confidence_level":0.95,"lower_bound":0.31586601489168764,"upper_bound":0.3460247620618433},"point_estimate":0.3292653566863739,"standard_error":0.007907708568551863}}