{"mean":{"confidence_interval":{"confidence_level":0.95,"lower_bound":0.011685234185778774,"upper_bound":0.056664536257920534},"point_estimate":0.0360630332757248,"standard_error":0.01153587290134931},"median":{"confidence_interval":{"confidence_level":0.95,"lower_bound":0.05527551410603482,"upper_bound":0.07060610525744737},"point_estimate":0.0641859467848318,"standard_error":0.003773706396087841}}