{"mean":{"confidence_interval":{"confidence_level":0.95,"lower_bound":0.1836821815908781,"upper_bound":0.2009560636596614},"point_estimate":0.1921913894892593,"standard_error":0.004418085605676514},"median":{"confidence_interval":{"confidence_level":0.95,"lower_bound":0.1966758707170675,"upper_bound":0.2075336329270605},"point_estimate":0.20005116987363292,"standard_error":0.002771551280426941}}