{"mean":{"confidence_interval":{"confidence_level":0.95,"lower_bound":545295.9907894736,"upper_bound":552265.7907894736},"point_estimate":548611.9473684209,"standard_error":1781.176818544065},"median":{"confidence_interval":{"confidence_level":0.95,"lower_bound":539950.0,"upper_bound":543957.8947368421},"point_estimate":541626.3157894737,"standard_error":1189.7936612908804},"median_abs_dev":{"confidence_interval":{"confidence_level":0.95,"lower_bound":5747.025687443619,"upper_bound":11572.08295244917},"point_estimate":8244.036169428606,"standard_error":1611.3447976585196},"slope":null,"std_dev":{"confidence_interval":{"confidence_level":0.95,"lower_bound":12973.470488701014,"upper_bound":22220.532964992697},"point_estimate":17887.119526064045,"standard_error":2358.516351703929}}