{"mean":{"confidence_interval":{"confidence_level":0.95,"lower_bound":0.35096722237405986,"upper_bound":0.39503109040551604},"point_estimate":0.37394891330050517,"standard_error":0.011271069518342358},"median":{"confidence_interval":{"confidence_level":0.95,"lower_bound":0.36635361514168596,"upper_bound":0.40965747515253664},"point_estimate":0.3893063138662187,"standard_error":0.011155738320382512}}