{"mean":{"confidence_interval":{"confidence_level":0.95,"lower_bound":2137.053446808849,"upper_bound":2145.9707831320043},"point_estimate":2141.345238597348,"standard_error":2.272746072714672},"median":{"confidence_interval":{"confidence_level":0.95,"lower_bound":2132.8998747513447,"upper_bound":2140.072202166065},"point_estimate":2134.888712986526,"standard_error":1.6641699726722203},"median_abs_dev":{"confidence_interval":{"confidence_level":0.95,"lower_bound":9.4157838743062,"upper_bound":19.780164072855335},"point_estimate":14.608642251871299,"standard_error":2.975152478195705},"slope":{"confidence_interval":{"confidence_level":0.95,"lower_bound":2129.6229469520167,"upper_bound":2141.1210193736742},"point_estimate":2134.8232263282366,"standard_error":2.926106276320427},"std_dev":{"confidence_interval":{"confidence_level":0.95,"lower_bound":17.128643346314252,"upper_bound":28.145293372258372},"point_estimate":22.803640215327775,"standard_error":2.8352680070748533}}