{"mean":{"confidence_interval":{"confidence_level":0.95,"lower_bound":-0.13257104248683063,"upper_bound":-0.12608238661830867},"point_estimate":-0.12930366035250163,"standard_error":0.0016456381012893307},"median":{"confidence_interval":{"confidence_level":0.95,"lower_bound":-0.13597245970762384,"upper_bound":-0.1316714034203892},"point_estimate":-0.1337535011732669,"standard_error":0.0010868619108151884}}