{"mean":{"confidence_interval":{"confidence_level":0.95,"lower_bound":503961.29375,"upper_bound":515911.55624999997},"point_estimate":509301.35,"standard_error":3081.706819476804},"median":{"confidence_interval":{"confidence_level":0.95,"lower_bound":499060.0,"upper_bound":501475.0},"point_estimate":499562.5,"standard_error":621.4064629567497},"median_abs_dev":{"confidence_interval":{"confidence_level":0.95,"lower_bound":2053.4009635448456,"upper_bound":5341.1590676754495},"point_estimate":3217.241942882538,"standard_error":858.5892763427786},"slope":null,"std_dev":{"confidence_interval":{"confidence_level":0.95,"lower_bound":12706.64155743958,"upper_bound":44603.9245478598},"point_estimate":31079.597304560346,"standard_error":8101.641208721329}}