{"mean":{"confidence_interval":{"confidence_level":0.95,"lower_bound":0.24485490727533002,"upper_bound":0.32145787250189733},"point_estimate":0.291824018422582,"standard_error":0.02127444222572157},"median":{"confidence_interval":{"confidence_level":0.95,"lower_bound":0.3039092190962198,"upper_bound":0.3224931497570436},"point_estimate":0.310727569726055,"standard_error":0.004854708580448941}}