{"mean":{"confidence_interval":{"confidence_level":0.95,"lower_bound":24620.742100269374,"upper_bound":25277.215176779035},"point_estimate":24935.445721995435,"standard_error":166.93828973092218},"median":{"confidence_interval":{"confidence_level":0.95,"lower_bound":24102.513227513227,"upper_bound":24677.777777777777},"point_estimate":24499.415204678364,"standard_error":165.57628939671977},"median_abs_dev":{"confidence_interval":{"confidence_level":0.95,"lower_bound":783.6043987319176,"upper_bound":1454.2658408482894},"point_estimate":1086.1332364520836,"standard_error":172.44930536386795},"slope":{"confidence_interval":{"confidence_level":0.95,"lower_bound":24225.76309092663,"upper_bound":24700.02793322239},"point_estimate":24444.165673283747,"standard_error":120.8386870540635},"std_dev":{"confidence_interval":{"confidence_level":0.95,"lower_bound":1308.6160096263357,"upper_bound":1995.3141093791735},"point_estimate":1674.9486984431064,"standard_error":175.24122380208777}}