{"mean":{"confidence_interval":{"confidence_level":0.95,"lower_bound":-0.2140880091342932,"upper_bound":-0.17063533498058694},"point_estimate":-0.19118269586313152,"standard_error":0.011102247261498888},"median":{"confidence_interval":{"confidence_level":0.95,"lower_bound":-0.16407898300429224,"upper_bound":-0.1497084806974197},"point_estimate":-0.15771233598870105,"standard_error":0.0036236091856475597}}