{"mean":{"confidence_interval":{"confidence_level":0.95,"lower_bound":0.023859186717930744,"upper_bound":0.04018565129294709},"point_estimate":0.031823947949459974,"standard_error":0.004149928658349803},"median":{"confidence_interval":{"confidence_level":0.95,"lower_bound":0.026995988001783155,"upper_bound":0.03816206403643685},"point_estimate":0.030809547111882107,"standard_error":0.002959390684914351}}