{"mean":{"confidence_interval":{"confidence_level":0.95,"lower_bound":0.3638189704575209,"upper_bound":0.39538300770855317},"point_estimate":0.3804393279243181,"standard_error":0.008049151459128214},"median":{"confidence_interval":{"confidence_level":0.95,"lower_bound":0.3738049549395197,"upper_bound":0.3934859524411296},"point_estimate":0.3809747876555749,"standard_error":0.005014135147198185}}