{"mean":{"confidence_interval":{"confidence_level":0.95,"lower_bound":0.07448572002689711,"upper_bound":0.07797763314534938},"point_estimate":0.07623385083475953,"standard_error":0.0008948757814019559},"median":{"confidence_interval":{"confidence_level":0.95,"lower_bound":0.07447328537380304,"upper_bound":0.07723752357639313},"point_estimate":0.07596345468347732,"standard_error":0.0007532801490715673}}