{"mean":{"confidence_interval":{"confidence_level":0.95,"lower_bound":1.2713746928084373,"upper_bound":1.3429891197121362},"point_estimate":1.3058121320279996,"standard_error":0.018171579879631226},"median":{"confidence_interval":{"confidence_level":0.95,"lower_bound":1.3054391638630056,"upper_bound":1.3493621283136727},"point_estimate":1.3240419467193312,"standard_error":0.0106095832601733}}