{"mean":{"confidence_interval":{"confidence_level":0.95,"lower_bound":0.06886886967913758,"upper_bound":0.07730433886798552},"point_estimate":0.07297946609269945,"standard_error":0.002142177732854103},"median":{"confidence_interval":{"confidence_level":0.95,"lower_bound":0.06599220956398422,"upper_bound":0.07696263888966152},"point_estimate":0.0725718504704862,"standard_error":0.003112022728303993}}