{"mean":{"confidence_interval":{"confidence_level":0.95,"lower_bound":0.12797635524417655,"upper_bound":0.13735425579846933},"point_estimate":0.13279505865058217,"standard_error":0.0023987553053409594},"median":{"confidence_interval":{"confidence_level":0.95,"lower_bound":0.12802774452573207,"upper_bound":0.13729241578327198},"point_estimate":0.13243391169780216,"standard_error":0.002411003806975012}}