{"mean":{"confidence_interval":{"confidence_level":0.95,"lower_bound":1245702.9875000003,"upper_bound":1248429.8052083338},"point_estimate":1246964.208333333,"standard_error":698.0247427098814},"median":{"confidence_interval":{"confidence_level":0.95,"lower_bound":1243925.0,"upper_bound":1245091.6666666667},"point_estimate":1244287.5,"standard_error":331.392338482365},"median_abs_dev":{"confidence_interval":{"confidence_level":0.95,"lower_bound":1760.5874687433243,"upper_bound":3586.038686335432},"point_estimate":2424.6687069536406,"standard_error":468.78194012307154},"slope":null,"std_dev":{"confidence_interval":{"confidence_level":0.95,"lower_bound":4523.444718293204,"upper_bound":9128.167483147106},"point_estimate":6998.69722161731,"standard_error":1174.0353761674144}}