{"mean":{"confidence_interval":{"confidence_level":0.95,"lower_bound":-0.20606735726915734,"upper_bound":-0.20269888082175314},"point_estimate":-0.20441345370426034,"standard_error":0.0008634870864454051},"median":{"confidence_interval":{"confidence_level":0.95,"lower_bound":-0.20541279033538298,"upper_bound":-0.20186254589234776},"point_estimate":-0.20291554171578774,"standard_error":0.000958432811136715}}