{"mean":{"confidence_interval":{"confidence_level":0.95,"lower_bound":655234.2453125,"upper_bound":664381.3125},"point_estimate":659598.125,"standard_error":2341.054805842682},"median":{"confidence_interval":{"confidence_level":0.95,"lower_bound":648062.5,"upper_bound":653743.75},"point_estimate":650318.75,"standard_error":1510.2708781482029},"median_abs_dev":{"confidence_interval":{"confidence_level":0.95,"lower_bound":8228.429853916168,"upper_bound":17707.803435623646},"point_estimate":11365.055423229933,"standard_error":2443.6851148296423},"slope":null,"std_dev":{"confidence_interval":{"confidence_level":0.95,"lower_bound":17220.755257342746,"upper_bound":28974.42948114188},"point_estimate":23565.640322377443,"standard_error":3012.4778258540373}}