{"mean":{"confidence_interval":{"confidence_level":0.95,"lower_bound":533366.9473684211,"upper_bound":538573.8973684212},"point_estimate":535766.0526315789,"standard_error":1334.5637534103016},"median":{"confidence_interval":{"confidence_level":0.95,"lower_bound":530300.0,"upper_bound":533989.4736842106},"point_estimate":531078.9473684211,"standard_error":825.0791760903119},"median_abs_dev":{"confidence_interval":{"confidence_level":0.95,"lower_bound":4241.01624049633,"upper_bound":8364.985114649764},"point_estimate":6024.037787788725,"standard_error":1052.6420302053962},"slope":null,"std_dev":{"confidence_interval":{"confidence_level":0.95,"lower_bound":8160.3006582810685,"upper_bound":17946.290153992137},"point_estimate":13375.572550690578,"standard_error":2516.438355987724}}