{"mean":{"confidence_interval":{"confidence_level":0.95,"lower_bound":30261.401934513648,"upper_bound":30810.152324322073},"point_estimate":30516.462536052284,"standard_error":140.2044570620409},"median":{"confidence_interval":{"confidence_level":0.95,"lower_bound":29986.765615337044,"upper_bound":30313.450248381756},"point_estimate":30122.879818594105,"standard_error":75.38612823518945},"median_abs_dev":{"confidence_interval":{"confidence_level":0.95,"lower_bound":520.630253476673,"upper_bound":931.0704279558278},"point_estimate":726.176000094814,"standard_error":106.20508136300542},"slope":{"confidence_interval":{"confidence_level":0.95,"lower_bound":30110.62224911556,"upper_bound":30592.549078734366},"point_estimate":30334.56336422555,"standard_error":123.39286142153468},"std_dev":{"confidence_interval":{"confidence_level":0.95,"lower_bound":912.4710151353219,"upper_bound":1864.9142063235506},"point_estimate":1405.3017218829305,"standard_error":246.44873728520903}}