{"mean":{"confidence_interval":{"confidence_level":0.95,"lower_bound":-0.14284751182303917,"upper_bound":-0.14035455195664667},"point_estimate":-0.1415578486020147,"standard_error":0.0006371089143607339},"median":{"confidence_interval":{"confidence_level":0.95,"lower_bound":-0.14192406032469462,"upper_bound":-0.1402200694484668},"point_estimate":-0.14115043371458824,"standard_error":0.0004604256196770542}}