{"mean":{"confidence_interval":{"confidence_level":0.95,"lower_bound":429859.95434782613,"upper_bound":435205.04673913046},"point_estimate":432391.7826086957,"standard_error":1365.3615384238594},"median":{"confidence_interval":{"confidence_level":0.95,"lower_bound":425678.26086956525,"upper_bound":430400.0},"point_estimate":427052.17391304346,"standard_error":1134.448734949525},"median_abs_dev":{"confidence_interval":{"confidence_level":0.95,"lower_bound":4782.996436823954,"upper_bound":10742.403722327663},"point_estimate":7635.389864444733,"standard_error":1640.818688012365},"slope":null,"std_dev":{"confidence_interval":{"confidence_level":0.95,"lower_bound":9705.034728067758,"upper_bound":17319.78790674352},"point_estimate":13686.471006369728,"standard_error":1956.2886615373188}}