{"mean":{"confidence_interval":{"confidence_level":0.95,"lower_bound":1334289.475,"upper_bound":1361219.14375},"point_estimate":1346876.875,"standard_error":6916.414630941445},"median":{"confidence_interval":{"confidence_level":0.95,"lower_bound":1319643.75,"upper_bound":1330725.0},"point_estimate":1322287.5,"standard_error":3307.18102199309},"median_abs_dev":{"confidence_interval":{"confidence_level":0.95,"lower_bound":14473.882243037224,"upper_bound":30013.383217155933},"point_estimate":22989.56584185362,"standard_error":3989.8668685237676},"slope":null,"std_dev":{"confidence_interval":{"confidence_level":0.95,"lower_bound":46546.26057540767,"upper_bound":89154.48154852753},"point_estimate":69613.37618943497,"standard_error":10947.83261789627}}