{"mean":{"confidence_interval":{"confidence_level":0.95,"lower_bound":0.07202947163467721,"upper_bound":0.09184857170865908},"point_estimate":0.08207159080184412,"standard_error":0.005052307282205423},"median":{"confidence_interval":{"confidence_level":0.95,"lower_bound":0.07396002597958606,"upper_bound":0.08536400481451417},"point_estimate":0.07944626162521051,"standard_error":0.002951162979666246}}