{"mean":{"confidence_interval":{"confidence_level":0.95,"lower_bound":0.030691199901448595,"upper_bound":0.037256597551296115},"point_estimate":0.03394753795202754,"standard_error":0.0016767258853689771},"median":{"confidence_interval":{"confidence_level":0.95,"lower_bound":0.03258912760268107,"upper_bound":0.03597030632796838},"point_estimate":0.03415525910789796,"standard_error":0.0008600553927270769}}