{"mean":{"confidence_interval":{"confidence_level":0.95,"lower_bound":0.08760911297853943,"upper_bound":0.10966976222401825},"point_estimate":0.09907939692781409,"standard_error":0.0056552063775682886},"median":{"confidence_interval":{"confidence_level":0.95,"lower_bound":0.10275812232189052,"upper_bound":0.1157873309077408},"point_estimate":0.10997088120546028,"standard_error":0.00332710707950578}}