{"mean":{"confidence_interval":{"confidence_level":0.95,"lower_bound":0.8491124112794743,"upper_bound":0.899625465310923},"point_estimate":0.8751805086496061,"standard_error":0.012858773787889466},"median":{"confidence_interval":{"confidence_level":0.95,"lower_bound":0.8407501818957184,"upper_bound":0.8890312196801078},"point_estimate":0.8723733039088355,"standard_error":0.012086371324058546}}