{"mean":{"confidence_interval":{"confidence_level":0.95,"lower_bound":0.7653160662326436,"upper_bound":0.8132885591841866},"point_estimate":0.7894897759684647,"standard_error":0.012267991161471273},"median":{"confidence_interval":{"confidence_level":0.95,"lower_bound":0.752464933767987,"upper_bound":0.8168606785485313},"point_estimate":0.7747539897139364,"standard_error":0.015286645117479796}}