{"mean":{"confidence_interval":{"confidence_level":0.95,"lower_bound":0.3241817445764669,"upper_bound":0.3510593736333944},"point_estimate":0.33797158244823833,"standard_error":0.0068093282434756},"median":{"confidence_interval":{"confidence_level":0.95,"lower_bound":0.3264412739881085,"upper_bound":0.34412442628116113},"point_estimate":0.3369927407579918,"standard_error":0.004293364711429903}}