{"mean":{"confidence_interval":{"confidence_level":0.95,"lower_bound":0.09672256824479855,"upper_bound":0.1261798465548496},"point_estimate":0.11013152229533807,"standard_error":0.007528054439844123},"median":{"confidence_interval":{"confidence_level":0.95,"lower_bound":0.10931891487447043,"upper_bound":0.12162401787707733},"point_estimate":0.11486527815422098,"standard_error":0.002869400121965916}}