{"mean":{"confidence_interval":{"confidence_level":0.95,"lower_bound":-0.12798659628867987,"upper_bound":-0.12327172752138933},"point_estimate":-0.1257710391818586,"standard_error":0.0012086718581502986},"median":{"confidence_interval":{"confidence_level":0.95,"lower_bound":-0.13038352120583696,"upper_bound":-0.127778274091648},"point_estimate":-0.12879421618806697,"standard_error":0.0006729607012436719}}