{"mean":{"confidence_interval":{"confidence_level":0.95,"lower_bound":0.4167842905384879,"upper_bound":0.4505016316366746},"point_estimate":0.4335698491166251,"standard_error":0.008590196879307942},"median":{"confidence_interval":{"confidence_level":0.95,"lower_bound":0.41989398512050147,"upper_bound":0.44882418959640574},"point_estimate":0.4326699047353353,"standard_error":0.007476651000562736}}