{"mean":{"confidence_interval":{"confidence_level":0.95,"lower_bound":-0.2507224617315466,"upper_bound":-0.22633975101066842},"point_estimate":-0.23783840560259473,"standard_error":0.006238791436253304},"median":{"confidence_interval":{"confidence_level":0.95,"lower_bound":-0.22971527810304126,"upper_bound":-0.21624124515171772},"point_estimate":-0.22355857003253288,"standard_error":0.0036410342354372396}}