{"mean":{"confidence_interval":{"confidence_level":0.95,"lower_bound":-0.10665686677864437,"upper_bound":-0.09091046561268298},"point_estimate":-0.09870420377311884,"standard_error":0.003956819650930557},"median":{"confidence_interval":{"confidence_level":0.95,"lower_bound":-0.11105093314672287,"upper_bound":-0.0950347455691477},"point_estimate":-0.10619843458963762,"standard_error":0.003761093344305956}}