{"mean":{"confidence_interval":{"confidence_level":0.95,"lower_bound":406815.9791079538,"upper_bound":407272.4165529511},"point_estimate":407034.4870540271,"standard_error":117.0171027243775},"median":{"confidence_interval":{"confidence_level":0.95,"lower_bound":406456.25,"upper_bound":406933.9120370371},"point_estimate":406711.3888888889,"standard_error":122.57153397804923},"median_abs_dev":{"confidence_interval":{"confidence_level":0.95,"lower_bound":566.408101055378,"upper_bound":1093.940865038507},"point_estimate":851.6893115059204,"standard_error":138.1571309924633},"slope":{"confidence_interval":{"confidence_level":0.95,"lower_bound":406655.6735449403,"upper_bound":407451.37857390696},"point_estimate":407011.5152948131,"standard_error":203.98153646999978},"std_dev":{"confidence_interval":{"confidence_level":0.95,"lower_bound":866.2386925650002,"upper_bound":1460.103773845558},"point_estimate":1176.5228081508706,"standard_error":152.0078840187876}}