{"mean":{"confidence_interval":{"confidence_level":0.95,"lower_bound":0.31909024134917957,"upper_bound":0.3416340525868576},"point_estimate":0.330463930554739,"standard_error":0.005729420603079176},"median":{"confidence_interval":{"confidence_level":0.95,"lower_bound":0.317722884441372,"upper_bound":0.33986159212995837},"point_estimate":0.3305061538614722,"standard_error":0.005806716322269225}}