{"mean":{"confidence_interval":{"confidence_level":0.95,"lower_bound":0.7063259648258344,"upper_bound":0.7190619475104698},"point_estimate":0.712698572117278,"standard_error":0.0032605184406415493},"median":{"confidence_interval":{"confidence_level":0.95,"lower_bound":0.7023030410725719,"upper_bound":0.7136544401647438},"point_estimate":0.7085523609300388,"standard_error":0.002890832857398101}}