{"mean":{"confidence_interval":{"confidence_level":0.95,"lower_bound":0.2681629684556024,"upper_bound":0.3030843902455954},"point_estimate":0.2860016393932008,"standard_error":0.009051952327539924},"median":{"confidence_interval":{"confidence_level":0.95,"lower_bound":0.2509342296272694,"upper_bound":0.27988671466435733},"point_estimate":0.263385481448122,"standard_error":0.006824015823219277}}