{"mean":{"confidence_interval":{"confidence_level":0.95,"lower_bound":1.3263008078882557,"upper_bound":1.3436873213736185},"point_estimate":1.334723080762973,"standard_error":0.004393251856011836},"median":{"confidence_interval":{"confidence_level":0.95,"lower_bound":1.3355451027151641,"upper_bound":1.345916118403082},"point_estimate":1.3414001128368538,"standard_error":0.0024498612885307763}}