{"mean":{"confidence_interval":{"confidence_level":0.95,"lower_bound":0.008221836170996217,"upper_bound":0.012077895824149469},"point_estimate":0.01017765151150618,"standard_error":0.0009818468170654405},"median":{"confidence_interval":{"confidence_level":0.95,"lower_bound":0.009462212279277427,"upper_bound":0.010863908936520117},"point_estimate":0.010020489983481262,"standard_error":0.00033217933056812663}}