{"mean":{"confidence_interval":{"confidence_level":0.95,"lower_bound":0.065814340676312,"upper_bound":0.09715905551529629},"point_estimate":0.0817475957402718,"standard_error":0.008019527795455809},"median":{"confidence_interval":{"confidence_level":0.95,"lower_bound":0.07198471531998019,"upper_bound":0.0874377103100481},"point_estimate":0.08080840569620706,"standard_error":0.0041029406798954735}}