{"mean":{"confidence_interval":{"confidence_level":0.95,"lower_bound":-0.04715155107203921,"upper_bound":-0.019607742147811573},"point_estimate":-0.03431091858661539,"standard_error":0.006934094316535582},"median":{"confidence_interval":{"confidence_level":0.95,"lower_bound":-0.06032257428441856,"upper_bound":-0.041932254709299954},"point_estimate":-0.0539160625325783,"standard_error":0.005090329234739975}}