{"mean":{"confidence_interval":{"confidence_level":0.95,"lower_bound":0.25652276924603273,"upper_bound":0.2687151954712018},"point_estimate":0.26273244192088097,"standard_error":0.0030969461187905596},"median":{"confidence_interval":{"confidence_level":0.95,"lower_bound":0.2624972420845133,"upper_bound":0.274513615805132},"point_estimate":0.26952767924938126,"standard_error":0.003149561339736347}}