{"mean":{"confidence_interval":{"confidence_level":0.95,"lower_bound":-0.1324933791212324,"upper_bound":-0.1133953875245998},"point_estimate":-0.12390749765714526,"standard_error":0.004800570514453191},"median":{"confidence_interval":{"confidence_level":0.95,"lower_bound":-0.13547984099883348,"upper_bound":-0.12421767006708401},"point_estimate":-0.13003846384123674,"standard_error":0.0028175506670801535}}