{"mean":{"confidence_interval":{"confidence_level":0.95,"lower_bound":0.04586963476623566,"upper_bound":0.06198356100314424},"point_estimate":0.05360621976033664,"standard_error":0.004058611018801989},"median":{"confidence_interval":{"confidence_level":0.95,"lower_bound":0.049413438365264906,"upper_bound":0.05765402232271066},"point_estimate":0.05362813610920636,"standard_error":0.002129988388148013}}