{"mean":{"confidence_interval":{"confidence_level":0.95,"lower_bound":0.39775873477845575,"upper_bound":0.433496876715785},"point_estimate":0.4145369243170358,"standard_error":0.00908293756333081},"median":{"confidence_interval":{"confidence_level":0.95,"lower_bound":0.3936451898772698,"upper_bound":0.4230345898115214},"point_estimate":0.40745084919930963,"standard_error":0.0076587652691783295}}