{"mean":{"confidence_interval":{"confidence_level":0.95,"lower_bound":0.22294993548718248,"upper_bound":0.2565553710519994},"point_estimate":0.2402371776794301,"standard_error":0.008601350693068707},"median":{"confidence_interval":{"confidence_level":0.95,"lower_bound":0.23685220572053978,"upper_bound":0.2577370425817509},"point_estimate":0.246671931128974,"standard_error":0.005022586328231436}}