{"mean":{"confidence_interval":{"confidence_level":0.95,"lower_bound":-0.1378178267491165,"upper_bound":-0.11540987348968972},"point_estimate":-0.1257050735024403,"standard_error":0.005749620919716696},"median":{"confidence_interval":{"confidence_level":0.95,"lower_bound":-0.1207000632645473,"upper_bound":-0.11093529218202569},"point_estimate":-0.11636595325668275,"standard_error":0.0024735473445179424}}