{"mean":{"confidence_interval":{"confidence_level":0.95,"lower_bound":0.6349616944150612,"upper_bound":0.6708679139555678},"point_estimate":0.6520939335998837,"standard_error":0.009171189281553657},"median":{"confidence_interval":{"confidence_level":0.95,"lower_bound":0.611935077797908,"upper_bound":0.6402961912290621},"point_estimate":0.6229068902807786,"standard_error":0.007163438600466675}}