{"mean":{"confidence_interval":{"confidence_level":0.95,"lower_bound":0.019261697254813227,"upper_bound":0.04747418326706961},"point_estimate":0.03415600137323427,"standard_error":0.007214359331444144},"median":{"confidence_interval":{"confidence_level":0.95,"lower_bound":0.041980136843693394,"upper_bound":0.057802315473678645},"point_estimate":0.051897855879663224,"standard_error":0.004069767129784232}}