{"mean":{"confidence_interval":{"confidence_level":0.95,"lower_bound":-0.12628258909444492,"upper_bound":-0.11255714547305953},"point_estimate":-0.11981215201207907,"standard_error":0.003492778436558771},"median":{"confidence_interval":{"confidence_level":0.95,"lower_bound":-0.12862135113428297,"upper_bound":-0.11978277607139243},"point_estimate":-0.12442364358077995,"standard_error":0.002197421716101071}}