{"mean":{"confidence_interval":{"confidence_level":0.95,"lower_bound":-0.12902236362248995,"upper_bound":-0.11349336596192625},"point_estimate":-0.12166280904506133,"standard_error":0.003994944251628187},"median":{"confidence_interval":{"confidence_level":0.95,"lower_bound":-0.12935852598802478,"upper_bound":-0.12075149934491225},"point_estimate":-0.12647284038776496,"standard_error":0.0022256879967329554}}