{"mean":{"confidence_interval":{"confidence_level":0.95,"lower_bound":415437.712,"upper_bound":425999.801},"point_estimate":420263.48,"standard_error":2704.0240141381764},"median":{"confidence_interval":{"confidence_level":0.95,"lower_bound":408800.0,"upper_bound":412896.0},"point_estimate":409934.0,"standard_error":1229.913536390208},"median_abs_dev":{"confidence_interval":{"confidence_level":0.95,"lower_bound":3890.342330932617,"upper_bound":9509.396231174469},"point_estimate":5622.019100189209,"standard_error":1582.246300265708},"slope":null,"std_dev":{"confidence_interval":{"confidence_level":0.95,"lower_bound":15265.807176070273,"upper_bound":37100.145634388085},"point_estimate":27136.94313359483,"standard_error":5569.805391804692}}