{"mean":{"confidence_interval":{"confidence_level":0.95,"lower_bound":0.08652224609179227,"upper_bound":0.11515501574716955},"point_estimate":0.10098411781676586,"standard_error":0.007306768430036001},"median":{"confidence_interval":{"confidence_level":0.95,"lower_bound":0.10377172304436977,"upper_bound":0.1151203047337761},"point_estimate":0.10905336374194197,"standard_error":0.002714677898790556}}