{"mean":{"confidence_interval":{"confidence_level":0.95,"lower_bound":-0.11255164586128526,"upper_bound":-0.0903280864654458},"point_estimate":-0.10302075777282371,"standard_error":0.005579576864234031},"median":{"confidence_interval":{"confidence_level":0.95,"lower_bound":-0.12224193727823784,"upper_bound":-0.10603855224440177},"point_estimate":-0.11460377981865111,"standard_error":0.004596641241550435}}