{"mean":{"confidence_interval":{"confidence_level":0.95,"lower_bound":0.024659044036940796,"upper_bound":0.038831292823589075},"point_estimate":0.03140358096650364,"standard_error":0.0036322885586746586},"median":{"confidence_interval":{"confidence_level":0.95,"lower_bound":0.02506988157781155,"upper_bound":0.03655347389940281},"point_estimate":0.030989747839744064,"standard_error":0.002918488943842474}}