{"mean":{"confidence_interval":{"confidence_level":0.95,"lower_bound":0.12442154379021297,"upper_bound":0.1299363911244751},"point_estimate":0.1270864799476359,"standard_error":0.0014012490706879193},"median":{"confidence_interval":{"confidence_level":0.95,"lower_bound":0.12447096362744925,"upper_bound":0.1275608287439134},"point_estimate":0.12593638322830558,"standard_error":0.000738150139166414}}