{"mean":{"confidence_interval":{"confidence_level":0.95,"lower_bound":-0.08927139289697479,"upper_bound":-0.06966594513470334},"point_estimate":-0.0796632112234239,"standard_error":0.005013316191627919},"median":{"confidence_interval":{"confidence_level":0.95,"lower_bound":-0.08583395431881236,"upper_bound":-0.07391491057206934},"point_estimate":-0.07958685219215844,"standard_error":0.0031203628015547286}}