{"mean":{"confidence_interval":{"confidence_level":0.95,"lower_bound":-0.10232215761870464,"upper_bound":-0.08820039361132453},"point_estimate":-0.09549534841530172,"standard_error":0.0036182032755434973},"median":{"confidence_interval":{"confidence_level":0.95,"lower_bound":-0.11026314289183847,"upper_bound":-0.0976172240148252},"point_estimate":-0.10455741749836434,"standard_error":0.0033939408438713892}}