{"mean":{"confidence_interval":{"confidence_level":0.95,"lower_bound":-0.16304710799770497,"upper_bound":-0.15228077652400643},"point_estimate":-0.15760610099144545,"standard_error":0.0027234878646134665},"median":{"confidence_interval":{"confidence_level":0.95,"lower_bound":-0.1642413671478018,"upper_bound":-0.15718184811818192},"point_estimate":-0.16194620443673635,"standard_error":0.0018570735204614932}}