{"mean":{"confidence_interval":{"confidence_level":0.95,"lower_bound":-0.11630847594628517,"upper_bound":-0.1025160904559121},"point_estimate":-0.10974239860014035,"standard_error":0.003473459300334941},"median":{"confidence_interval":{"confidence_level":0.95,"lower_bound":-0.12204674054107056,"upper_bound":-0.1069509115275632},"point_estimate":-0.11519192348147167,"standard_error":0.003871988387236097}}