{"mean":{"confidence_interval":{"confidence_level":0.95,"lower_bound":0.07220973570633109,"upper_bound":0.101880313641544},"point_estimate":0.0886875932625395,"standard_error":0.007601519061433637},"median":{"confidence_interval":{"confidence_level":0.95,"lower_bound":0.09426208157195837,"upper_bound":0.10762488929941139},"point_estimate":0.10146268837988948,"standard_error":0.0034556954337245194}}