{"mean":{"confidence_interval":{"confidence_level":0.95,"lower_bound":0.037228554517051815,"upper_bound":0.0407110511141633},"point_estimate":0.03894244358323484,"standard_error":0.0008940971533630986},"median":{"confidence_interval":{"confidence_level":0.95,"lower_bound":0.038353321226221704,"upper_bound":0.04041922935878128},"point_estimate":0.039624416918651484,"standard_error":0.0005297625508452657}}