{"mean":{"confidence_interval":{"confidence_level":0.95,"lower_bound":1.0228235250706081,"upper_bound":1.1018722797766811},"point_estimate":1.0648344448379792,"standard_error":0.020222179505122635},"median":{"confidence_interval":{"confidence_level":0.95,"lower_bound":1.0659462998524156,"upper_bound":1.1031686106225762},"point_estimate":1.0877860991630448,"standard_error":0.008940500889253756}}