{"mean":{"confidence_interval":{"confidence_level":0.95,"lower_bound":0.24990102723456428,"upper_bound":0.27154282291293314},"point_estimate":0.26096395802721983,"standard_error":0.005494182275933731},"median":{"confidence_interval":{"confidence_level":0.95,"lower_bound":0.2551238322023426,"upper_bound":0.2736548498566176},"point_estimate":0.2614115512949198,"standard_error":0.004848654582373669}}