{"mean":{"confidence_interval":{"confidence_level":0.95,"lower_bound":0.08942715149317708,"upper_bound":0.10653688714720257},"point_estimate":0.09866084311789391,"standard_error":0.004361738715944833},"median":{"confidence_interval":{"confidence_level":0.95,"lower_bound":0.09355376230930351,"upper_bound":0.11122139011699606},"point_estimate":0.1041516298071552,"standard_error":0.004540230692909091}}