{"mean":{"confidence_interval":{"confidence_level":0.95,"lower_bound":0.04393358775544116,"upper_bound":0.06524719267957704},"point_estimate":0.05472065625885669,"standard_error":0.005412798954621969},"median":{"confidence_interval":{"confidence_level":0.95,"lower_bound":0.047836619686630666,"upper_bound":0.061203855326350975},"point_estimate":0.05452730771674341,"standard_error":0.003534734783966013}}