{"mean":{"confidence_interval":{"confidence_level":0.95,"lower_bound":210574.12039246352,"upper_bound":216517.31730209573},"point_estimate":213465.80460872504,"standard_error":1513.6474445997335},"median":{"confidence_interval":{"confidence_level":0.95,"lower_bound":204463.63636363635,"upper_bound":213037.47228381375},"point_estimate":207000.49603174604,"standard_error":2160.6512017938694},"median_abs_dev":{"confidence_interval":{"confidence_level":0.95,"lower_bound":6439.382095804696,"upper_bound":16205.123982026425},"point_estimate":10896.468804117541,"standard_error":2304.5274514341577},"slope":{"confidence_interval":{"confidence_level":0.95,"lower_bound":209440.20292067586,"upper_bound":217537.9710645976},"point_estimate":213378.39367518842,"standard_error":2078.6611303640566},"std_dev":{"confidence_interval":{"confidence_level":0.95,"lower_bound":12665.265699939115,"upper_bound":17393.30679484708},"point_estimate":15206.312641696188,"standard_error":1202.848133721062}}