{"mean":{"confidence_interval":{"confidence_level":0.95,"lower_bound":472096.49625,"upper_bound":478344.20875},"point_estimate":475021.1,"standard_error":1593.6389292520528},"median":{"confidence_interval":{"confidence_level":0.95,"lower_bound":467510.0,"upper_bound":474475.0},"point_estimate":469915.0,"standard_error":1822.598624020303},"median_abs_dev":{"confidence_interval":{"confidence_level":0.95,"lower_bound":6397.418886423111,"upper_bound":11997.94028699398},"point_estimate":8980.849340558052,"standard_error":1398.0541038548147},"slope":null,"std_dev":{"confidence_interval":{"confidence_level":0.95,"lower_bound":10717.581186949203,"upper_bound":20591.376456575734},"point_estimate":15968.720681129056,"standard_error":2520.3566970247066}}