{"mean":{"confidence_interval":{"confidence_level":0.95,"lower_bound":0.40577924060334447,"upper_bound":0.43004985707917265},"point_estimate":0.4181183577419727,"standard_error":0.006154146235876786},"median":{"confidence_interval":{"confidence_level":0.95,"lower_bound":0.40540857004215214,"upper_bound":0.43203476578732225},"point_estimate":0.41574207985948863,"standard_error":0.0065978653680786445}}