{"mean":{"confidence_interval":{"confidence_level":0.95,"lower_bound":0.04121440833719298,"upper_bound":0.06729646481301452},"point_estimate":0.05473474026890468,"standard_error":0.006646778949866828},"median":{"confidence_interval":{"confidence_level":0.95,"lower_bound":0.055873474214658936,"upper_bound":0.06961676734861252},"point_estimate":0.061981918143740655,"standard_error":0.0033138312001757663}}