{"mean":{"confidence_interval":{"confidence_level":0.95,"lower_bound":0.09899630113716805,"upper_bound":0.1322574149528294},"point_estimate":0.11695451350131303,"standard_error":0.008495585963372682},"median":{"confidence_interval":{"confidence_level":0.95,"lower_bound":0.1299931581882321,"upper_bound":0.14554612120941823},"point_estimate":0.1386905867427941,"standard_error":0.004332679196572266}}