{"mean":{"confidence_interval":{"confidence_level":0.95,"lower_bound":0.3199522184432028,"upper_bound":0.3552706933118836},"point_estimate":0.33796351534887314,"standard_error":0.008976932643189495},"median":{"confidence_interval":{"confidence_level":0.95,"lower_bound":0.3318891557950525,"upper_bound":0.3609115332319952},"point_estimate":0.3442747352271296,"standard_error":0.00754530781782167}}