{"mean":{"confidence_interval":{"confidence_level":0.95,"lower_bound":617562.421875,"upper_bound":647550.6875},"point_estimate":630138.625,"standard_error":7772.364623357573},"median":{"confidence_interval":{"confidence_level":0.95,"lower_bound":604893.75,"upper_bound":611815.625},"point_estimate":607646.875,"standard_error":1681.3311897278038},"median_abs_dev":{"confidence_interval":{"confidence_level":0.95,"lower_bound":7538.094241172075,"upper_bound":16818.243451416492},"point_estimate":11304.82479929924,"standard_error":2336.609589973637},"slope":null,"std_dev":{"confidence_interval":{"confidence_level":0.95,"lower_bound":29660.614682377094,"upper_bound":123207.61045933895},"point_estimate":78331.04040093915,"standard_error":27940.125713988782}}