{"mean":{"confidence_interval":{"confidence_level":0.95,"lower_bound":0.04852573541278364,"upper_bound":0.07642945942387976},"point_estimate":0.0615414368059104,"standard_error":0.007248870778020776},"median":{"confidence_interval":{"confidence_level":0.95,"lower_bound":0.04781809807291326,"upper_bound":0.06358497073421865},"point_estimate":0.05500785399057517,"standard_error":0.004222513889186223}}