{"mean":{"confidence_interval":{"confidence_level":0.95,"lower_bound":0.314334854953699,"upper_bound":0.3560380937555381},"point_estimate":0.3360663814016507,"standard_error":0.010675222628329564},"median":{"confidence_interval":{"confidence_level":0.95,"lower_bound":0.28477674263253117,"upper_bound":0.3341650606895801},"point_estimate":0.307063350735463,"standard_error":0.013964057507412779}}