{"mean":{"confidence_interval":{"confidence_level":0.95,"lower_bound":0.30756529898233875,"upper_bound":0.31593805827707444},"point_estimate":0.3114822094154106,"standard_error":0.002113498190066414},"median":{"confidence_interval":{"confidence_level":0.95,"lower_bound":0.3053355253949681,"upper_bound":0.31592024484171644},"point_estimate":0.31280552885653856,"standard_error":0.002803284293405303}}