{"mean":{"confidence_interval":{"confidence_level":0.95,"lower_bound":461526.63522727275,"upper_bound":467447.3363636363},"point_estimate":464214.5454545454,"standard_error":1513.1207604194162},"median":{"confidence_interval":{"confidence_level":0.95,"lower_bound":457795.45454545453,"upper_bound":461390.9090909091},"point_estimate":459154.5454545454,"standard_error":904.8113273640957},"median_abs_dev":{"confidence_interval":{"confidence_level":0.95,"lower_bound":3450.414484197455,"upper_bound":7561.259865760803},"point_estimate":5084.644000638552,"standard_error":971.9799319661147},"slope":null,"std_dev":{"confidence_interval":{"confidence_level":0.95,"lower_bound":8233.010107805336,"upper_bound":21224.53610643351},"point_estimate":15216.456350557983,"standard_error":3402.6886865801725}}