{"mean":{"confidence_interval":{"confidence_level":0.95,"lower_bound":577628.9361111114,"upper_bound":586292.3430555555},"point_estimate":581718.4444444444,"standard_error":2209.883423362329},"median":{"confidence_interval":{"confidence_level":0.95,"lower_bound":570133.3333333334,"upper_bound":577755.5555555555},"point_estimate":573633.3333333334,"standard_error":2019.058697872318},"median_abs_dev":{"confidence_interval":{"confidence_level":0.95,"lower_bound":7585.9698653222285,"upper_bound":16312.718043724744},"point_estimate":10979.476471742004,"standard_error":2352.6069100285404},"slope":null,"std_dev":{"confidence_interval":{"confidence_level":0.95,"lower_bound":15668.091046644477,"upper_bound":27963.997881028907},"point_estimate":22108.48989420511,"standard_error":3156.273465885074}}