{"mean":{"confidence_interval":{"confidence_level":0.95,"lower_bound":-0.10511360712826816,"upper_bound":-0.10051131028110234},"point_estimate":-0.10298617381244246,"standard_error":0.0011535456429240523},"median":{"confidence_interval":{"confidence_level":0.95,"lower_bound":-0.10580732519883651,"upper_bound":-0.10227861374345215},"point_estimate":-0.10456729552880606,"standard_error":0.0009234389421904139}}