{"mean":{"confidence_interval":{"confidence_level":0.95,"lower_bound":72540.92038919422,"upper_bound":73043.81496561924},"point_estimate":72797.58946709512,"standard_error":128.404031236718},"median":{"confidence_interval":{"confidence_level":0.95,"lower_bound":72453.39966832504,"upper_bound":73134.26900584795},"point_estimate":72731.57894736843,"standard_error":200.28405101533332},"median_abs_dev":{"confidence_interval":{"confidence_level":0.95,"lower_bound":873.5513237119309,"upper_bound":1390.223702264182},"point_estimate":1152.756654106976,"standard_error":135.26830042463115},"slope":{"confidence_interval":{"confidence_level":0.95,"lower_bound":72912.68855262468,"upper_bound":73368.60721233624},"point_estimate":73141.84457251696,"standard_error":116.29453191909687},"std_dev":{"confidence_interval":{"confidence_level":0.95,"lower_bound":1016.7507214596972,"upper_bound":1598.9443367849246},"point_estimate":1293.1084368295644,"standard_error":153.02712426332113}}