{"mean":{"confidence_interval":{"confidence_level":0.95,"lower_bound":0.6143587453676285,"upper_bound":0.6784692710116574},"point_estimate":0.6462771467870878,"standard_error":0.016788062786147615},"median":{"confidence_interval":{"confidence_level":0.95,"lower_bound":0.5771608684457075,"upper_bound":0.684300361891155},"point_estimate":0.6158280827354086,"standard_error":0.026186506175176014}}