{"mean":{"confidence_interval":{"confidence_level":0.95,"lower_bound":0.5288989630858584,"upper_bound":0.5771067837972158},"point_estimate":0.5531962304063183,"standard_error":0.012255002272820798},"median":{"confidence_interval":{"confidence_level":0.95,"lower_bound":0.5199282319171696,"upper_bound":0.5695504719334294},"point_estimate":0.5423367011514504,"standard_error":0.01287694253444609}}