{"mean":{"confidence_interval":{"confidence_level":0.95,"lower_bound":-0.19312894227711655,"upper_bound":-0.16285641562456027},"point_estimate":-0.17792093163066114,"standard_error":0.007752359629084984},"median":{"confidence_interval":{"confidence_level":0.95,"lower_bound":-0.17345389109869958,"upper_bound":-0.15256217114589876},"point_estimate":-0.16308689166995827,"standard_error":0.005587931860415871}}