{"mean":{"confidence_interval":{"confidence_level":0.95,"lower_bound":-0.1538705105537029,"upper_bound":-0.14991265543999474},"point_estimate":-0.1519797491851942,"standard_error":0.0010063758586396205},"median":{"confidence_interval":{"confidence_level":0.95,"lower_bound":-0.15716720808496376,"upper_bound":-0.15290676920470236},"point_estimate":-0.154991853922683,"standard_error":0.0011398195656418723}}