{"mean":{"confidence_interval":{"confidence_level":0.95,"lower_bound":-0.17957441000536395,"upper_bound":-0.13399927936546463},"point_estimate":-0.15561129719733657,"standard_error":0.011636791627296061},"median":{"confidence_interval":{"confidence_level":0.95,"lower_bound":-0.14053148192482645,"upper_bound":-0.1263109623378027},"point_estimate":-0.13633093938065777,"standard_error":0.003968394811145814}}