{"mean":{"confidence_interval":{"confidence_level":0.95,"lower_bound":12471.757412883315,"upper_bound":12805.867790290837},"point_estimate":12628.306784107885,"standard_error":85.69249755114221},"median":{"confidence_interval":{"confidence_level":0.95,"lower_bound":12206.450501253134,"upper_bound":12422.931985294119},"point_estimate":12331.480963045913,"standard_error":59.95961571019713},"median_abs_dev":{"confidence_interval":{"confidence_level":0.95,"lower_bound":263.04992844029846,"upper_bound":538.8325485159195},"point_estimate":408.54211471264415,"standard_error":78.03215590011364},"slope":{"confidence_interval":{"confidence_level":0.95,"lower_bound":12650.989061231043,"upper_bound":13227.650773298383},"point_estimate":12922.97005689375,"standard_error":147.6287253412011},"std_dev":{"confidence_interval":{"confidence_level":0.95,"lower_bound":579.5016782422878,"upper_bound":1163.1340484042587},"point_estimate":861.9314749984302,"standard_error":157.72638111619162}}