{"mean":{"confidence_interval":{"confidence_level":0.95,"lower_bound":516592.37875000003,"upper_bound":524447.00875},"point_estimate":520149.05,"standard_error":2007.2822106425058},"median":{"confidence_interval":{"confidence_level":0.95,"lower_bound":511692.5,"upper_bound":516167.5},"point_estimate":513620.0,"standard_error":1262.395620691453},"median_abs_dev":{"confidence_interval":{"confidence_level":0.95,"lower_bound":4759.14591550827,"upper_bound":9948.245823383331},"point_estimate":7164.664372801781,"standard_error":1360.5448521645526},"slope":null,"std_dev":{"confidence_interval":{"confidence_level":0.95,"lower_bound":11548.862701638558,"upper_bound":28147.30735012053},"point_estimate":20150.825216766327,"standard_error":4357.153143825872}}