{"mean":{"confidence_interval":{"confidence_level":0.95,"lower_bound":0.3519165709371626,"upper_bound":0.3955683249147731},"point_estimate":0.37501456622730567,"standard_error":0.01114075603696785},"median":{"confidence_interval":{"confidence_level":0.95,"lower_bound":0.3801275337076321,"upper_bound":0.4075980610045371},"point_estimate":0.39399880915898633,"standard_error":0.006782670735879535}}