{"mean":{"confidence_interval":{"confidence_level":0.95,"lower_bound":0.016754838305773307,"upper_bound":0.02029509120877518},"point_estimate":0.01846268362549619,"standard_error":0.0008796289514275993},"median":{"confidence_interval":{"confidence_level":0.95,"lower_bound":0.017295995787870666,"upper_bound":0.020657212971345595},"point_estimate":0.01929069246572057,"standard_error":0.0009540646511597483}}