{"mean":{"confidence_interval":{"confidence_level":0.95,"lower_bound":-0.2067479731962579,"upper_bound":-0.18869026271554498},"point_estimate":-0.19853467326319707,"standard_error":0.004561633944758693},"median":{"confidence_interval":{"confidence_level":0.95,"lower_bound":-0.20738590850370742,"upper_bound":-0.19405858303652523},"point_estimate":-0.20143541068315618,"standard_error":0.003339121897796911}}