{"mean":{"confidence_interval":{"confidence_level":0.95,"lower_bound":0.43917363487598315,"upper_bound":0.4838546672813556},"point_estimate":0.4616393781501711,"standard_error":0.011376483755874883},"median":{"confidence_interval":{"confidence_level":0.95,"lower_bound":0.43616125108596226,"upper_bound":0.47817395156892656},"point_estimate":0.4547909803369903,"standard_error":0.011059802087982407}}