{"mean":{"confidence_interval":{"confidence_level":0.95,"lower_bound":-0.005112798348830659,"upper_bound":0.012451445732884616},"point_estimate":0.004874116601176981,"standard_error":0.004543247228594824},"median":{"confidence_interval":{"confidence_level":0.95,"lower_bound":0.011717883514523963,"upper_bound":0.016606417550709462},"point_estimate":0.013847187061552635,"standard_error":0.0014357922040653666}}