{"mean":{"confidence_interval":{"confidence_level":0.95,"lower_bound":0.9163543100710787,"upper_bound":0.9332491725091264},"point_estimate":0.9244971630873402,"standard_error":0.004313933845529416},"median":{"confidence_interval":{"confidence_level":0.95,"lower_bound":0.9095346668965822,"upper_bound":0.9284305632585677},"point_estimate":0.9185634989437759,"standard_error":0.004764711442915476}}