{"mean":{"confidence_interval":{"confidence_level":0.95,"lower_bound":0.2790313572245088,"upper_bound":0.30482340758293297},"point_estimate":0.29081904479911924,"standard_error":0.006649947781512082},"median":{"confidence_interval":{"confidence_level":0.95,"lower_bound":0.2670259737394389,"upper_bound":0.2833017695285516},"point_estimate":0.2733676861504364,"standard_error":0.004054812221101518}}