{"mean":{"confidence_interval":{"confidence_level":0.95,"lower_bound":0.32377663327052875,"upper_bound":0.3644276065063864},"point_estimate":0.3421965112943177,"standard_error":0.010500594896432833},"median":{"confidence_interval":{"confidence_level":0.95,"lower_bound":0.31181817507253284,"upper_bound":0.34037208380587003},"point_estimate":0.32639943734114896,"standard_error":0.007356580062423181}}