{"mean":{"confidence_interval":{"confidence_level":0.95,"lower_bound":0.07322579734538903,"upper_bound":0.07889829430605702},"point_estimate":0.07611217094749856,"standard_error":0.0014604917642402552},"median":{"confidence_interval":{"confidence_level":0.95,"lower_bound":0.07512410186641481,"upper_bound":0.078398505040993},"point_estimate":0.07633627303898116,"standard_error":0.0008417587515537577}}