{"mean":{"confidence_interval":{"confidence_level":0.95,"lower_bound":0.2571688010316608,"upper_bound":0.2922376503612183},"point_estimate":0.2754505179135647,"standard_error":0.00892906775345566},"median":{"confidence_interval":{"confidence_level":0.95,"lower_bound":0.27505463912661776,"upper_bound":0.2983862647230262},"point_estimate":0.28980855163433406,"standard_error":0.005921933281799987}}