{"mean":{"confidence_interval":{"confidence_level":0.95,"lower_bound":1274436.846875,"upper_bound":1294421.64375},"point_estimate":1283685.5,"standard_error":5110.799357532693},"median":{"confidence_interval":{"confidence_level":0.95,"lower_bound":1263043.75,"upper_bound":1271225.0},"point_estimate":1267187.5,"standard_error":2589.791700266778},"median_abs_dev":{"confidence_interval":{"confidence_level":0.95,"lower_bound":13380.464762449265,"upper_bound":24611.159563064575},"point_estimate":18773.42216670513,"standard_error":3137.628364828388},"slope":null,"std_dev":{"confidence_interval":{"confidence_level":0.95,"lower_bound":31945.195931411025,"upper_bound":68972.62894910667},"point_estimate":51309.53018079329,"standard_error":9553.202666926238}}