{"mean":{"confidence_interval":{"confidence_level":0.95,"lower_bound":0.04020417870890133,"upper_bound":0.05954054508046091},"point_estimate":0.04965455590479473,"standard_error":0.004918577869663143},"median":{"confidence_interval":{"confidence_level":0.95,"lower_bound":0.04464214998850058,"upper_bound":0.0551612200732261},"point_estimate":0.04914582514106369,"standard_error":0.002867072864404191}}