{"mean":{"confidence_interval":{"confidence_level":0.95,"lower_bound":0.3865641444672575,"upper_bound":0.45909139523094583},"point_estimate":0.41674652728868655,"standard_error":0.018924391378782022},"median":{"confidence_interval":{"confidence_level":0.95,"lower_bound":0.3767500071293146,"upper_bound":0.4064065503080099},"point_estimate":0.39237467612650323,"standard_error":0.007334538845309215}}