{"mean":{"confidence_interval":{"confidence_level":0.95,"lower_bound":0.008242664548270592,"upper_bound":0.03866030963716164},"point_estimate":0.024183629717764665,"standard_error":0.00772254288586578},"median":{"confidence_interval":{"confidence_level":0.95,"lower_bound":0.0182802843710812,"upper_bound":0.03392749006081974},"point_estimate":0.0238274279468218,"standard_error":0.003961478721375938}}