{"mean":{"confidence_interval":{"confidence_level":0.95,"lower_bound":0.7294361628027876,"upper_bound":0.796920189867646},"point_estimate":0.7598213613017504,"standard_error":0.016835913405247118},"median":{"confidence_interval":{"confidence_level":0.95,"lower_bound":0.7046995456234926,"upper_bound":0.7549734353969738},"point_estimate":0.7304881964624625,"standard_error":0.012558367001097165}}