{"mean":{"confidence_interval":{"confidence_level":0.95,"lower_bound":0.39848426420763916,"upper_bound":0.4256798329815901},"point_estimate":0.41236022078805634,"standard_error":0.006922079812436728},"median":{"confidence_interval":{"confidence_level":0.95,"lower_bound":0.39131733024057525,"upper_bound":0.4162730278551723},"point_estimate":0.40148333051000296,"standard_error":0.0069443971881412705}}