{"mean":{"confidence_interval":{"confidence_level":0.95,"lower_bound":0.3103932750882856,"upper_bound":0.33386866875521076},"point_estimate":0.32200986709248536,"standard_error":0.00598689894433297},"median":{"confidence_interval":{"confidence_level":0.95,"lower_bound":0.30713072533091434,"upper_bound":0.32592451169568415},"point_estimate":0.3154059668674485,"standard_error":0.005068453706014083}}