{"mean":{"confidence_interval":{"confidence_level":0.95,"lower_bound":-0.18972232979564968,"upper_bound":-0.16842155958278368},"point_estimate":-0.17880093461246083,"standard_error":0.005436468633436353},"median":{"confidence_interval":{"confidence_level":0.95,"lower_bound":-0.17830628575107377,"upper_bound":-0.16289941566109822},"point_estimate":-0.16937031836549588,"standard_error":0.0038997890742968637}}