{"mean":{"confidence_interval":{"confidence_level":0.95,"lower_bound":0.046221983683011766,"upper_bound":0.05551405633083061},"point_estimate":0.05084415176159007,"standard_error":0.0023720863321159574},"median":{"confidence_interval":{"confidence_level":0.95,"lower_bound":0.04796717530130068,"upper_bound":0.05705424885240351},"point_estimate":0.05323931925337555,"standard_error":0.0024189954043397906}}