{"mean":{"confidence_interval":{"confidence_level":0.95,"lower_bound":95376.63499210167,"upper_bound":95558.47573856228},"point_estimate":95458.06650313755,"standard_error":46.75002792189864},"median":{"confidence_interval":{"confidence_level":0.95,"lower_bound":95294.49415992812,"upper_bound":95369.31614751164},"point_estimate":95330.5918367347,"standard_error":22.164749430427836},"median_abs_dev":{"confidence_interval":{"confidence_level":0.95,"lower_bound":97.73346313336788,"upper_bound":181.1106090295306},"point_estimate":139.03764740403471,"standard_error":22.458862159326358},"slope":{"confidence_interval":{"confidence_level":0.95,"lower_bound":95384.82122868368,"upper_bound":95629.97654416214},"point_estimate":95488.81800333552,"standard_error":63.49475791511126},"std_dev":{"confidence_interval":{"confidence_level":0.95,"lower_bound":227.09472567982382,"upper_bound":661.8146058064216},"point_estimate":469.9789711305894,"standard_error":110.31663909519199}}