{"mean":{"confidence_interval":{"confidence_level":0.95,"lower_bound":-0.1639570007969907,"upper_bound":-0.1483915983445405},"point_estimate":-0.15689730516746014,"standard_error":0.003991659279940795},"median":{"confidence_interval":{"confidence_level":0.95,"lower_bound":-0.16895622140611824,"upper_bound":-0.1582861161870457},"point_estimate":-0.16410081202067217,"standard_error":0.00269395143313069}}