{"mean":{"confidence_interval":{"confidence_level":0.95,"lower_bound":0.27664026603078595,"upper_bound":0.29907104139889096},"point_estimate":0.28828901685971964,"standard_error":0.005745870174633201},"median":{"confidence_interval":{"confidence_level":0.95,"lower_bound":0.28423583210244785,"upper_bound":0.303025476576525},"point_estimate":0.2932767828208589,"standard_error":0.00502168375171974}}