{"mean":{"confidence_interval":{"confidence_level":0.95,"lower_bound":555102.3078947366,"upper_bound":564977.0657894736},"point_estimate":559635.8421052629,"standard_error":2532.584906321813},"median":{"confidence_interval":{"confidence_level":0.95,"lower_bound":553123.6842105263,"upper_bound":557665.7894736843},"point_estimate":554881.5789473684,"standard_error":1040.0349821288987},"median_abs_dev":{"confidence_interval":{"confidence_level":0.95,"lower_bound":5938.203052470359,"upper_bound":11412.118218447133},"point_estimate":8142.595118597975,"standard_error":1370.394163245606},"slope":null,"std_dev":{"confidence_interval":{"confidence_level":0.95,"lower_bound":15185.309477271834,"upper_bound":34996.033571842636},"point_estimate":25382.613961565636,"standard_error":5168.160573353635}}