{"mean":{"confidence_interval":{"confidence_level":0.95,"lower_bound":0.8313099871112087,"upper_bound":0.9210246219320914},"point_estimate":0.8770995804232913,"standard_error":0.02269215729231305},"median":{"confidence_interval":{"confidence_level":0.95,"lower_bound":0.7970158467688433,"upper_bound":0.8827851523433514},"point_estimate":0.8360278834974499,"standard_error":0.022077944994578814}}