{"mean":{"confidence_interval":{"confidence_level":0.95,"lower_bound":-0.12407944596295682,"upper_bound":-0.11117684452490796},"point_estimate":-0.11786517352479575,"standard_error":0.0033680102848906513},"median":{"confidence_interval":{"confidence_level":0.95,"lower_bound":-0.12875972728323726,"upper_bound":-0.12034788155344567},"point_estimate":-0.12454675340753996,"standard_error":0.0023042117548732624}}