{"mean":{"confidence_interval":{"confidence_level":0.95,"lower_bound":-0.09855030660595542,"upper_bound":-0.021384346046278573},"point_estimate":-0.05804790770661861,"standard_error":0.01973851263564163},"median":{"confidence_interval":{"confidence_level":0.95,"lower_bound":-0.013736212112670731,"upper_bound":0.015028655925929613},"point_estimate":0.0015110780612439534,"standard_error":0.007112093018649173}}