{"mean":{"confidence_interval":{"confidence_level":0.95,"lower_bound":14999.728871814998,"upper_bound":15200.405650016663},"point_estimate":15093.458088563719,"standard_error":51.277531437664514},"median":{"confidence_interval":{"confidence_level":0.95,"lower_bound":14919.667151535894,"upper_bound":15041.103961827646},"point_estimate":14976.975287156283,"standard_error":32.89513967264461},"median_abs_dev":{"confidence_interval":{"confidence_level":0.95,"lower_bound":225.88421124039493,"upper_bound":422.4172408379543},"point_estimate":339.1420101641977,"standard_error":51.928870955682235},"slope":{"confidence_interval":{"confidence_level":0.95,"lower_bound":15014.404002273477,"upper_bound":15343.555981334217},"point_estimate":15162.299485057576,"standard_error":84.4216654748462},"std_dev":{"confidence_interval":{"confidence_level":0.95,"lower_bound":341.43969719277516,"upper_bound":703.9009505350316},"point_estimate":515.8710761868207,"standard_error":98.55868035107403}}