{"mean":{"confidence_interval":{"confidence_level":0.95,"lower_bound":0.021269883628765293,"upper_bound":0.04055210549593043},"point_estimate":0.03092716244546989,"standard_error":0.004939183849874707},"median":{"confidence_interval":{"confidence_level":0.95,"lower_bound":0.023261069504664222,"upper_bound":0.03342813958365021},"point_estimate":0.029219835051628174,"standard_error":0.0028533704564815137}}