{"mean":{"confidence_interval":{"confidence_level":0.95,"lower_bound":633275.6859375,"upper_bound":639724.0640625},"point_estimate":636288.0625,"standard_error":1646.697447403034},"median":{"confidence_interval":{"confidence_level":0.95,"lower_bound":629925.0,"upper_bound":633831.25},"point_estimate":631368.75,"standard_error":965.2846681953426},"median_abs_dev":{"confidence_interval":{"confidence_level":0.95,"lower_bound":5374.424904584885,"upper_bound":9539.720033761087},"point_estimate":7436.165492981672,"standard_error":1057.9875273944072},"slope":null,"std_dev":{"confidence_interval":{"confidence_level":0.95,"lower_bound":11133.736582734795,"upper_bound":21119.29839208285},"point_estimate":16580.566906430093,"standard_error":2563.103602268001}}