{"mean":{"confidence_interval":{"confidence_level":0.95,"lower_bound":0.5624961311149986,"upper_bound":0.6168339465144177},"point_estimate":0.5907545399158998,"standard_error":0.013875819241364504},"median":{"confidence_interval":{"confidence_level":0.95,"lower_bound":0.5958662602023548,"upper_bound":0.6421500858895084},"point_estimate":0.6184365285920304,"standard_error":0.012049652847346767}}