{"mean":{"confidence_interval":{"confidence_level":0.95,"lower_bound":0.08639417527437966,"upper_bound":0.0954420103654075},"point_estimate":0.09088528172735688,"standard_error":0.0023068917887315967},"median":{"confidence_interval":{"confidence_level":0.95,"lower_bound":0.08389750303904275,"upper_bound":0.09326035911313224},"point_estimate":0.08961745686013978,"standard_error":0.002318844216366041}}