{"mean":{"confidence_interval":{"confidence_level":0.95,"lower_bound":-0.13620208442291007,"upper_bound":-0.1308140722186192},"point_estimate":-0.13359837682383346,"standard_error":0.001378353895822496},"median":{"confidence_interval":{"confidence_level":0.95,"lower_bound":-0.1394940048973148,"upper_bound":-0.13349333358528354},"point_estimate":-0.13674658853622557,"standard_error":0.0017474859295091968}}