{"mean":{"confidence_interval":{"confidence_level":0.95,"lower_bound":106663.8690711295,"upper_bound":107022.16670522864},"point_estimate":106843.6193353652,"standard_error":91.64908050715277},"median":{"confidence_interval":{"confidence_level":0.95,"lower_bound":106609.39393939394,"upper_bound":107136.55303030302},"point_estimate":106887.2641509434,"standard_error":125.12627736753053},"median_abs_dev":{"confidence_interval":{"confidence_level":0.95,"lower_bound":707.8294271579689,"upper_bound":1086.3546847222358},"point_estimate":921.3213738871724,"standard_error":99.5301643725523},"slope":{"confidence_interval":{"confidence_level":0.95,"lower_bound":106970.20453145419,"upper_bound":107315.06027041053},"point_estimate":107146.6853849564,"standard_error":87.90250986072746},"std_dev":{"confidence_interval":{"confidence_level":0.95,"lower_bound":762.926312994701,"upper_bound":1073.970219762105},"point_estimate":923.1268528611106,"standard_error":79.41830563742961}}