{"mean":{"confidence_interval":{"confidence_level":0.95,"lower_bound":0.08450844124378666,"upper_bound":0.09436025258737575},"point_estimate":0.08907905073313893,"standard_error":0.0026715857778763937},"median":{"confidence_interval":{"confidence_level":0.95,"lower_bound":0.08146290094823216,"upper_bound":0.08769772750889704},"point_estimate":0.08451338316857004,"standard_error":0.001454072341809492}}