{"mean":{"confidence_interval":{"confidence_level":0.95,"lower_bound":-0.1308625112735055,"upper_bound":-0.1261782268851231},"point_estimate":-0.12847284201688103,"standard_error":0.0011902743284432655},"median":{"confidence_interval":{"confidence_level":0.95,"lower_bound":-0.13235733781640968,"upper_bound":-0.12705385637900724},"point_estimate":-0.1298804528940798,"standard_error":0.0014163906608966055}}