{"mean":{"confidence_interval":{"confidence_level":0.95,"lower_bound":494210.66547619045,"upper_bound":503859.8023809521},"point_estimate":498781.52380952396,"standard_error":2468.947722133235},"median":{"confidence_interval":{"confidence_level":0.95,"lower_bound":487580.95238095237,"upper_bound":493485.71428571426},"point_estimate":490954.7619047619,"standard_error":1687.4675643404385},"median_abs_dev":{"confidence_interval":{"confidence_level":0.95,"lower_bound":7850.719860621877,"upper_bound":14480.059742927493},"point_estimate":10865.339807101645,"standard_error":1675.2279384582816},"slope":null,"std_dev":{"confidence_interval":{"confidence_level":0.95,"lower_bound":17851.115742512833,"upper_bound":30526.05850476805},"point_estimate":24761.784292081244,"standard_error":3263.3173909060174}}