{"mean":{"confidence_interval":{"confidence_level":0.95,"lower_bound":0.5317104153639411,"upper_bound":0.5458301361519626},"point_estimate":0.5389083802645005,"standard_error":0.0035891852699014414},"median":{"confidence_interval":{"confidence_level":0.95,"lower_bound":0.5301135859914003,"upper_bound":0.5441956890911877},"point_estimate":0.5364086959309364,"standard_error":0.0034941844733415842}}