{"mean":{"confidence_interval":{"confidence_level":0.95,"lower_bound":0.04935084850392625,"upper_bound":0.06823235182822525},"point_estimate":0.05909777850342768,"standard_error":0.00480762242584508},"median":{"confidence_interval":{"confidence_level":0.95,"lower_bound":0.05844883268236578,"upper_bound":0.07254075121195425},"point_estimate":0.06724791032286181,"standard_error":0.00341977661475023}}