{"mean":{"confidence_interval":{"confidence_level":0.95,"lower_bound":0.05736610202679032,"upper_bound":0.08072110639162688},"point_estimate":0.06979853519952783,"standard_error":0.005971261044629975},"median":{"confidence_interval":{"confidence_level":0.95,"lower_bound":0.07499853292200395,"upper_bound":0.0867607118124949},"point_estimate":0.08006103588462632,"standard_error":0.0028303682919887845}}