{"mean":{"confidence_interval":{"confidence_level":0.95,"lower_bound":-0.1113265100686223,"upper_bound":-0.09307414152324957},"point_estimate":-0.10200463474484711,"standard_error":0.0046610102143044415},"median":{"confidence_interval":{"confidence_level":0.95,"lower_bound":-0.10235627276779924,"upper_bound":-0.0903418840185719},"point_estimate":-0.09649742604697176,"standard_error":0.0031331407293597644}}