{"mean":{"confidence_interval":{"confidence_level":0.95,"lower_bound":509652.7308696724,"upper_bound":511800.2916968348},"point_estimate":510605.2429383552,"standard_error":553.1988528378783},"median":{"confidence_interval":{"confidence_level":0.95,"lower_bound":508833.504784689,"upper_bound":509711.7021276596},"point_estimate":509263.44696969696,"standard_error":210.1555174201057},"median_abs_dev":{"confidence_interval":{"confidence_level":0.95,"lower_bound":1306.2384081821945,"upper_bound":2305.566403974059},"point_estimate":1753.5009275157197,"standard_error":249.7466909105931},"slope":{"confidence_interval":{"confidence_level":0.95,"lower_bound":509852.5952008562,"upper_bound":512201.057926467},"point_estimate":510887.2184128861,"standard_error":605.1529832067393},"std_dev":{"confidence_interval":{"confidence_level":0.95,"lower_bound":2764.4473079337563,"upper_bound":8235.040831099956},"point_estimate":5561.97001000129,"standard_error":1507.8293983582373}}