{"mean":{"confidence_interval":{"confidence_level":0.95,"lower_bound":99255.81313181366,"upper_bound":100838.47064790798},"point_estimate":100006.15820955443,"standard_error":403.3006992526757},"median":{"confidence_interval":{"confidence_level":0.95,"lower_bound":98076.54320987655,"upper_bound":99136.30136986301},"point_estimate":98650.95499738357,"standard_error":269.263111474852},"median_abs_dev":{"confidence_interval":{"confidence_level":0.95,"lower_bound":1276.7132310961424,"upper_bound":2491.0622667723587},"point_estimate":1744.9074760495523,"standard_error":328.865739663574},"slope":{"confidence_interval":{"confidence_level":0.95,"lower_bound":99104.16621388339,"upper_bound":100385.06999259471},"point_estimate":99702.84823407714,"standard_error":326.76703802363045},"std_dev":{"confidence_interval":{"confidence_level":0.95,"lower_bound":2957.992138641002,"upper_bound":5009.636212556988},"point_estimate":4059.565781481778,"standard_error":523.4211330831023}}