{"mean":{"confidence_interval":{"confidence_level":0.95,"lower_bound":435981.73750000016,"upper_bound":446304.0833333332},"point_estimate":440512.58333333326,"standard_error":2642.0433738244337},"median":{"confidence_interval":{"confidence_level":0.95,"lower_bound":430366.6666666667,"upper_bound":433250.0},"point_estimate":431612.5,"standard_error":786.2724305221186},"median_abs_dev":{"confidence_interval":{"confidence_level":0.95,"lower_bound":4654.746167361793,"upper_bound":9927.242323756233},"point_estimate":7097.947373986244,"standard_error":1370.1494731504029},"slope":null,"std_dev":{"confidence_interval":{"confidence_level":0.95,"lower_bound":13715.622643343442,"upper_bound":39765.59913971712},"point_estimate":26570.779738685076,"standard_error":7744.098916699959}}