{"mean":{"confidence_interval":{"confidence_level":0.95,"lower_bound":0.9515173209625672,"upper_bound":1.0018016148278968},"point_estimate":0.9770908346771019,"standard_error":0.012831159674755056},"median":{"confidence_interval":{"confidence_level":0.95,"lower_bound":0.9592280714631921,"upper_bound":0.9869959490136684},"point_estimate":0.9670285151438671,"standard_error":0.007299717501518528}}