{"mean":{"confidence_interval":{"confidence_level":0.95,"lower_bound":0.30543097884553544,"upper_bound":0.33737082336667745},"point_estimate":0.3213636111047613,"standard_error":0.008197691979653721},"median":{"confidence_interval":{"confidence_level":0.95,"lower_bound":0.31304282683883633,"upper_bound":0.33565585582285706},"point_estimate":0.32519955135116607,"standard_error":0.005860063057364065}}