{"mean":{"confidence_interval":{"confidence_level":0.95,"lower_bound":383234.79062499985,"upper_bound":387243.5416666666},"point_estimate":385137.91666666674,"standard_error":1025.2939245720154},"median":{"confidence_interval":{"confidence_level":0.95,"lower_bound":380225.0,"upper_bound":383316.6666666667},"point_estimate":381387.5,"standard_error":824.5205151888043},"median_abs_dev":{"confidence_interval":{"confidence_level":0.95,"lower_bound":4348.959922790498,"upper_bound":8299.471102654963},"point_estimate":6115.724891424179,"standard_error":998.9616473093062},"slope":null,"std_dev":{"confidence_interval":{"confidence_level":0.95,"lower_bound":7936.460906121802,"upper_bound":12404.4569450996},"point_estimate":10271.261473377524,"standard_error":1148.0908890019111}}