{"mean":{"confidence_interval":{"confidence_level":0.95,"lower_bound":-0.13749619512245279,"upper_bound":-0.13370000254115622},"point_estimate":-0.13556990220099063,"standard_error":0.0009703901399633077},"median":{"confidence_interval":{"confidence_level":0.95,"lower_bound":-0.13836320801979507,"upper_bound":-0.1353943185922727},"point_estimate":-0.13705239401614833,"standard_error":0.0007658293497769204}}