{"mean":{"confidence_interval":{"confidence_level":0.95,"lower_bound":-0.1113303664668314,"upper_bound":-0.08631706643417131},"point_estimate":-0.09851936667467953,"standard_error":0.006363400806937979},"median":{"confidence_interval":{"confidence_level":0.95,"lower_bound":-0.10472897244483959,"upper_bound":-0.08890767358575832},"point_estimate":-0.099000756278808,"standard_error":0.004139699810384205}}