{"mean":{"confidence_interval":{"confidence_level":0.95,"lower_bound":416824.704166667,"upper_bound":420118.0104166666},"point_estimate":418342.91666666674,"standard_error":844.803906466186},"median":{"confidence_interval":{"confidence_level":0.95,"lower_bound":415075.0,"upper_bound":417254.1666666667},"point_estimate":416166.6666666667,"standard_error":597.9716193500489},"median_abs_dev":{"confidence_interval":{"confidence_level":0.95,"lower_bound":2792.2299504279804,"upper_bound":4602.237418293938},"point_estimate":3462.4886885285664,"standard_error":479.14728464385547},"slope":null,"std_dev":{"confidence_interval":{"confidence_level":0.95,"lower_bound":5018.52966493824,"upper_bound":11359.216717071176},"point_estimate":8489.70008543792,"standard_error":1622.725047802217}}