{"mean":{"confidence_interval":{"confidence_level":0.95,"lower_bound":0.5779430173475841,"upper_bound":0.6458477676488009},"point_estimate":0.6147347730127635,"standard_error":0.017320533607207287},"median":{"confidence_interval":{"confidence_level":0.95,"lower_bound":0.6164571068633864,"upper_bound":0.6492496968575796},"point_estimate":0.6307059221950622,"standard_error":0.008688655028115342}}