{"mean":{"confidence_interval":{"confidence_level":0.95,"lower_bound":784248.9980769231,"upper_bound":792681.6942307693},"point_estimate":788205.6153846153,"standard_error":2154.5285066517013},"median":{"confidence_interval":{"confidence_level":0.95,"lower_bound":778469.2307692308,"upper_bound":785011.5384615385},"point_estimate":781961.5384615385,"standard_error":1715.845941320286},"median_abs_dev":{"confidence_interval":{"confidence_level":0.95,"lower_bound":8348.035755638766,"upper_bound":14791.78589123944},"point_estimate":12220.045167666209,"standard_error":1700.3875918588608},"slope":null,"std_dev":{"confidence_interval":{"confidence_level":0.95,"lower_bound":14834.993775202855,"upper_bound":27806.447246832406},"point_estimate":21644.074229725084,"standard_error":3331.747751228846}}