{"mean":{"confidence_interval":{"confidence_level":0.95,"lower_bound":0.3271402114907947,"upper_bound":0.34610025465344585},"point_estimate":0.33643000581174043,"standard_error":0.004809739678747365},"median":{"confidence_interval":{"confidence_level":0.95,"lower_bound":0.32896196720011517,"upper_bound":0.34681742379844094},"point_estimate":0.33974540814417,"standard_error":0.004632865550109132}}