{"mean":{"confidence_interval":{"confidence_level":0.95,"lower_bound":0.10391482472419072,"upper_bound":0.15001870858149258},"point_estimate":0.12484994543957173,"standard_error":0.011610336304999688},"median":{"confidence_interval":{"confidence_level":0.95,"lower_bound":0.11615908093633132,"upper_bound":0.1311979088667068},"point_estimate":0.12244381069747146,"standard_error":0.00355356311683665}}