{"mean":{"confidence_interval":{"confidence_level":0.95,"lower_bound":0.22571447963447513,"upper_bound":0.23735110789146793},"point_estimate":0.23139964403816227,"standard_error":0.002963918889447735},"median":{"confidence_interval":{"confidence_level":0.95,"lower_bound":0.23085301097265964,"upper_bound":0.24134511257026176},"point_estimate":0.23634617326020724,"standard_error":0.0026030597793506877}}