{"mean":{"confidence_interval":{"confidence_level":0.95,"lower_bound":861852.0770833332,"upper_bound":872627.5833333336},"point_estimate":866727.2499999999,"standard_error":2756.4217614717654},"median":{"confidence_interval":{"confidence_level":0.95,"lower_bound":857937.5,"upper_bound":862891.6666666667},"point_estimate":860045.8333333333,"standard_error":1372.7189816002642},"median_abs_dev":{"confidence_interval":{"confidence_level":0.95,"lower_bound":7641.567364335176,"upper_bound":14720.982238650437},"point_estimate":10847.689807414865,"standard_error":1828.6807167351467},"slope":null,"std_dev":{"confidence_interval":{"confidence_level":0.95,"lower_bound":16035.96730566847,"upper_bound":40194.240234429},"point_estimate":27755.922737151817,"standard_error":6919.741054329234}}