{"mean":{"confidence_interval":{"confidence_level":0.95,"lower_bound":1.2669373971451896,"upper_bound":1.3305848201186095},"point_estimate":1.2989753771933228,"standard_error":0.016316922600434672},"median":{"confidence_interval":{"confidence_level":0.95,"lower_bound":1.2708374000666045,"upper_bound":1.3395575376520914},"point_estimate":1.3047010383018804,"standard_error":0.018904436061240305}}