{"mean":{"confidence_interval":{"confidence_level":0.95,"lower_bound":0.33136746045488347,"upper_bound":0.3656904932861926},"point_estimate":0.3484621995679802,"standard_error":0.008737443464435049},"median":{"confidence_interval":{"confidence_level":0.95,"lower_bound":0.32333485679259577,"upper_bound":0.35230684311851257},"point_estimate":0.33783244705089266,"standard_error":0.007829797793820873}}