{"mean":{"confidence_interval":{"confidence_level":0.95,"lower_bound":456940.6352272726,"upper_bound":466622.4136363638},"point_estimate":461088.63636363624,"standard_error":2501.0047162982833},"median":{"confidence_interval":{"confidence_level":0.95,"lower_bound":453443.1818181818,"upper_bound":455390.9090909091},"point_estimate":454247.7272727273,"standard_error":564.0677086222968},"median_abs_dev":{"confidence_interval":{"confidence_level":0.95,"lower_bound":2419.3335934118704,"upper_bound":5226.1649072170685},"point_estimate":3544.761755249713,"standard_error":751.1104032000832},"slope":null,"std_dev":{"confidence_interval":{"confidence_level":0.95,"lower_bound":8648.395328348424,"upper_bound":39025.362209771},"point_estimate":25204.74124728022,"standard_error":8231.583859861692}}