{"mean":{"confidence_interval":{"confidence_level":0.95,"lower_bound":0.05513788673158114,"upper_bound":0.06960375199571835},"point_estimate":0.061923259803690955,"standard_error":0.0035553838602355357},"median":{"confidence_interval":{"confidence_level":0.95,"lower_bound":0.052273639106659164,"upper_bound":0.0681678263123682},"point_estimate":0.060366756178495296,"standard_error":0.0043028864857145525}}