{"mean":{"confidence_interval":{"confidence_level":0.95,"lower_bound":0.7561447140882601,"upper_bound":0.8218704468901255},"point_estimate":0.7896849818459994,"standard_error":0.016699791778415386},"median":{"confidence_interval":{"confidence_level":0.95,"lower_bound":0.7863182587500932,"upper_bound":0.8259462057729257},"point_estimate":0.8022320402051137,"standard_error":0.00998539731391877}}