{"mean":{"confidence_interval":{"confidence_level":0.95,"lower_bound":0.12052204189761616,"upper_bound":0.1265086791598807},"point_estimate":0.1236387474187417,"standard_error":0.001550992352648602},"median":{"confidence_interval":{"confidence_level":0.95,"lower_bound":0.12927083947556284,"upper_bound":0.13139232220111507},"point_estimate":0.13046952620720864,"standard_error":0.0004999158270667764}}