{"mean":{"confidence_interval":{"confidence_level":0.95,"lower_bound":0.08802590959319004,"upper_bound":0.11442919647237809},"point_estimate":0.09985601696399482,"standard_error":0.006735375674748012},"median":{"confidence_interval":{"confidence_level":0.95,"lower_bound":0.0884299900038765,"upper_bound":0.0980204619917433},"point_estimate":0.09377219677542681,"standard_error":0.002347046857784509}}