{"mean":{"confidence_interval":{"confidence_level":0.95,"lower_bound":559550.9986842107,"upper_bound":578839.4776315792},"point_estimate":568685.8421052629,"standard_error":4917.1865251164745},"median":{"confidence_interval":{"confidence_level":0.95,"lower_bound":547181.5789473683,"upper_bound":558410.5263157894},"point_estimate":552378.9473684211,"standard_error":3195.115384592987},"median_abs_dev":{"confidence_interval":{"confidence_level":0.95,"lower_bound":18235.97967624673,"upper_bound":34162.322196128975},"point_estimate":25567.046388199567,"standard_error":4075.2169683334837},"slope":null,"std_dev":{"confidence_interval":{"confidence_level":0.95,"lower_bound":35813.846437167456,"upper_bound":61098.64850984682},"point_estimate":49419.14120276965,"standard_error":6472.133144094073}}