{"mean":{"confidence_interval":{"confidence_level":0.95,"lower_bound":0.5178538489123051,"upper_bound":0.5652259007980042},"point_estimate":0.5422393197856334,"standard_error":0.01207805843675963},"median":{"confidence_interval":{"confidence_level":0.95,"lower_bound":0.5377363829178701,"upper_bound":0.5755728852021844},"point_estimate":0.5547868264376097,"standard_error":0.009838027617748516}}