{"mean":{"confidence_interval":{"confidence_level":0.95,"lower_bound":813250.2192307693,"upper_bound":824023.3865384617},"point_estimate":818363.7692307697,"standard_error":2759.2854222900783},"median":{"confidence_interval":{"confidence_level":0.95,"lower_bound":802461.5384615385,"upper_bound":812138.4615384615},"point_estimate":805853.8461538461,"standard_error":2252.3189341692055},"median_abs_dev":{"confidence_interval":{"confidence_level":0.95,"lower_bound":5514.13144056611,"upper_bound":17876.734298009145},"point_estimate":10075.977513423286,"standard_error":2821.3810453449796},"slope":null,"std_dev":{"confidence_interval":{"confidence_level":0.95,"lower_bound":20862.223770060486,"upper_bound":33915.442599207294},"point_estimate":27760.500326784495,"standard_error":3349.0523904219167}}