{"mean":{"confidence_interval":{"confidence_level":0.95,"lower_bound":0.4348664539442017,"upper_bound":0.48275937664990215},"point_estimate":0.45920378847317855,"standard_error":0.012164359657506757},"median":{"confidence_interval":{"confidence_level":0.95,"lower_bound":0.4192655214365686,"upper_bound":0.4538181044583438},"point_estimate":0.43069239812859283,"standard_error":0.00887214757588894}}