{"mean":{"confidence_interval":{"confidence_level":0.95,"lower_bound":0.37206633005360873,"upper_bound":0.3973816280690495},"point_estimate":0.3850260864687083,"standard_error":0.006416367308308233},"median":{"confidence_interval":{"confidence_level":0.95,"lower_bound":0.37325668584297,"upper_bound":0.402081623272154},"point_estimate":0.3843927693302771,"standard_error":0.007284482811328293}}