{"mean":{"confidence_interval":{"confidence_level":0.95,"lower_bound":-0.06713854558856834,"upper_bound":-0.06149336123822226},"point_estimate":-0.06437395855716366,"standard_error":0.0014158619845330983},"median":{"confidence_interval":{"confidence_level":0.95,"lower_bound":-0.06741449022531137,"upper_bound":-0.061969605537569916},"point_estimate":-0.06475010378640711,"standard_error":0.0013774006139974078}}