{"mean":{"confidence_interval":{"confidence_level":0.95,"lower_bound":-0.11171516589297961,"upper_bound":-0.10697998865358979},"point_estimate":-0.10947356847793432,"standard_error":0.0012066367309089404},"median":{"confidence_interval":{"confidence_level":0.95,"lower_bound":-0.11205778006239488,"upper_bound":-0.10847306092833409},"point_estimate":-0.11062010308596515,"standard_error":0.0009772711141972945}}