{"mean":{"confidence_interval":{"confidence_level":0.95,"lower_bound":93.91688411116168,"upper_bound":105.71954279659678},"point_estimate":99.60726392819764,"standard_error":3.0726132716265195},"median":{"confidence_interval":{"confidence_level":0.95,"lower_bound":95.25028055580692,"upper_bound":107.29524721938053},"point_estimate":99.87967022214902,"standard_error":3.305406875805015}}