{"mean":{"confidence_interval":{"confidence_level":0.95,"lower_bound":0.29952361272129524,"upper_bound":0.36192038651505215},"point_estimate":0.3280789442397307,"standard_error":0.015542817184237152},"median":{"confidence_interval":{"confidence_level":0.95,"lower_bound":0.26539675003938284,"upper_bound":0.3433816434027195},"point_estimate":0.3030364029499786,"standard_error":0.02102661116925852}}