{"mean":{"confidence_interval":{"confidence_level":0.95,"lower_bound":0.22820071737388914,"upper_bound":0.23755859354282996},"point_estimate":0.2328670189630193,"standard_error":0.0023790013149968163},"median":{"confidence_interval":{"confidence_level":0.95,"lower_bound":0.22732392626860487,"upper_bound":0.2380305297951515},"point_estimate":0.23387173093370506,"standard_error":0.0029676810379292706}}