{"mean":{"confidence_interval":{"confidence_level":0.95,"lower_bound":1293958.0416666665,"upper_bound":1297350.085416667},"point_estimate":1295524.041666667,"standard_error":867.2099227554993},"median":{"confidence_interval":{"confidence_level":0.95,"lower_bound":1292387.5,"upper_bound":1294520.8333333333},"point_estimate":1293591.6666666665,"standard_error":562.6481732808356},"median_abs_dev":{"confidence_interval":{"confidence_level":0.95,"lower_bound":3064.0399456023592,"upper_bound":5399.134904145969},"point_estimate":3888.736180961247,"standard_error":586.4772126227007},"slope":null,"std_dev":{"confidence_interval":{"confidence_level":0.95,"lower_bound":5563.413665744777,"upper_bound":11760.523406651102},"point_estimate":8693.264350460617,"standard_error":1619.767810689187}}