{"mean":{"confidence_interval":{"confidence_level":0.95,"lower_bound":0.8551294307385267,"upper_bound":0.905847512349873},"point_estimate":0.8803495832254409,"standard_error":0.01305300330421267},"median":{"confidence_interval":{"confidence_level":0.95,"lower_bound":0.8468628344093809,"upper_bound":0.8993977481881115},"point_estimate":0.8803456823749691,"standard_error":0.014124156954871257}}