{"mean":{"confidence_interval":{"confidence_level":0.95,"lower_bound":0.2954070860964223,"upper_bound":0.3186920768453182},"point_estimate":0.3069440321120209,"standard_error":0.005937986742563564},"median":{"confidence_interval":{"confidence_level":0.95,"lower_bound":0.29318816840175876,"upper_bound":0.3143597835888188},"point_estimate":0.3037452408929471,"standard_error":0.005278321203877969}}