{"mean":{"confidence_interval":{"confidence_level":0.95,"lower_bound":0.050154096351794075,"upper_bound":0.06378241630046436},"point_estimate":0.056854528972946516,"standard_error":0.00343310302324972},"median":{"confidence_interval":{"confidence_level":0.95,"lower_bound":0.05237512226572294,"upper_bound":0.059692471014015536},"point_estimate":0.05615427022179098,"standard_error":0.0017687657392425938}}