{"mean":{"confidence_interval":{"confidence_level":0.95,"lower_bound":0.096185133286035,"upper_bound":0.11993627463339152},"point_estimate":0.10875482244425827,"standard_error":0.0060496240403720945},"median":{"confidence_interval":{"confidence_level":0.95,"lower_bound":0.10943316660903091,"upper_bound":0.12155479632910071},"point_estimate":0.11650087696345657,"standard_error":0.0031735822506235947}}