{"mean":{"confidence_interval":{"confidence_level":0.95,"lower_bound":0.2860871118625708,"upper_bound":0.3188472988671288},"point_estimate":0.30292013422092734,"standard_error":0.008327088869377518},"median":{"confidence_interval":{"confidence_level":0.95,"lower_bound":0.27708938698213004,"upper_bound":0.30832300150896086},"point_estimate":0.29399466065276947,"standard_error":0.008266076797975905}}