{"mean":{"confidence_interval":{"confidence_level":0.95,"lower_bound":0.3001951040639351,"upper_bound":0.332445412555939},"point_estimate":0.31537146715712017,"standard_error":0.008119194381414306},"median":{"confidence_interval":{"confidence_level":0.95,"lower_bound":0.29263249936781865,"upper_bound":0.3210022677434945},"point_estimate":0.3010399038606695,"standard_error":0.0076734014777441115}}