{"mean":{"confidence_interval":{"confidence_level":0.95,"lower_bound":0.3036577546105458,"upper_bound":0.33073888308689336},"point_estimate":0.31725558364914885,"standard_error":0.006921527548760614},"median":{"confidence_interval":{"confidence_level":0.95,"lower_bound":0.3021487428999481,"upper_bound":0.34082518489359015},"point_estimate":0.3290040614329921,"standard_error":0.009933626231261823}}