{"mean":{"confidence_interval":{"confidence_level":0.95,"lower_bound":0.4398812936792345,"upper_bound":0.48607656977836544},"point_estimate":0.4626734294066501,"standard_error":0.011758083457065544},"median":{"confidence_interval":{"confidence_level":0.95,"lower_bound":0.4514272397720993,"upper_bound":0.4884109706922224},"point_estimate":0.46678913404909594,"standard_error":0.0092428249751749}}