{"mean":{"confidence_interval":{"confidence_level":0.95,"lower_bound":-0.18231315817243213,"upper_bound":-0.14246774756815705},"point_estimate":-0.16095629877263007,"standard_error":0.010217999551285684},"median":{"confidence_interval":{"confidence_level":0.95,"lower_bound":-0.15569793784659058,"upper_bound":-0.11980007628022937},"point_estimate":-0.13132074217579126,"standard_error":0.009375014831474822}}