{"mean":{"confidence_interval":{"confidence_level":0.95,"lower_bound":0.2950512546500967,"upper_bound":0.3203163464542959},"point_estimate":0.3072809068714246,"standard_error":0.006465669149836729},"median":{"confidence_interval":{"confidence_level":0.95,"lower_bound":0.29535415913893703,"upper_bound":0.3183316233733877},"point_estimate":0.30459861949041267,"standard_error":0.005710323639353052}}