{"mean":{"confidence_interval":{"confidence_level":0.95,"lower_bound":0.26691329430862837,"upper_bound":0.29575912108398983},"point_estimate":0.2814970343983445,"standard_error":0.007395569115207765},"median":{"confidence_interval":{"confidence_level":0.95,"lower_bound":0.26706069936312504,"upper_bound":0.2991322611533971},"point_estimate":0.28306673469799115,"standard_error":0.008191538234571099}}