{"mean":{"confidence_interval":{"confidence_level":0.95,"lower_bound":36427.55202854084,"upper_bound":37073.83169592347},"point_estimate":36732.70014814812,"standard_error":165.14376970075736},"median":{"confidence_interval":{"confidence_level":0.95,"lower_bound":35902.46913580247,"upper_bound":36474.07000407},"point_estimate":36122.59259259259,"standard_error":144.66609693597442},"median_abs_dev":{"confidence_interval":{"confidence_level":0.95,"lower_bound":538.8041506455781,"upper_bound":1103.8486304027685},"point_estimate":704.6595908489656,"standard_error":160.3004036556616},"slope":{"confidence_interval":{"confidence_level":0.95,"lower_bound":36321.38932731858,"upper_bound":36872.7011351398},"point_estimate":36585.78168563125,"standard_error":141.1199621483245},"std_dev":{"confidence_interval":{"confidence_level":0.95,"lower_bound":1151.7685583153957,"upper_bound":2126.667245966736},"point_estimate":1668.19905684748,"standard_error":248.5168570428835}}