{"mean":{"confidence_interval":{"confidence_level":0.95,"lower_bound":0.4179853604908569,"upper_bound":0.46639392463446044},"point_estimate":0.44244731148914407,"standard_error":0.012315030415226158},"median":{"confidence_interval":{"confidence_level":0.95,"lower_bound":0.4123785731994403,"upper_bound":0.4505337483548215},"point_estimate":0.4383724882296478,"standard_error":0.010208460522621114}}