{"mean":{"confidence_interval":{"confidence_level":0.95,"lower_bound":-0.10473828550889369,"upper_bound":-0.09127601469032483},"point_estimate":-0.09805257638495246,"standard_error":0.0034395253051157375},"median":{"confidence_interval":{"confidence_level":0.95,"lower_bound":-0.10822151746307263,"upper_bound":-0.09720914443583129},"point_estimate":-0.10272339630403537,"standard_error":0.003030630612067778}}