{"mean":{"confidence_interval":{"confidence_level":0.95,"lower_bound":70014.70078786497,"upper_bound":71068.11969360654},"point_estimate":70516.36994787659,"standard_error":269.5221938381565},"median":{"confidence_interval":{"confidence_level":0.95,"lower_bound":69171.89013908424,"upper_bound":69974.50980392157},"point_estimate":69551.1583996734,"standard_error":214.99691868437975},"median_abs_dev":{"confidence_interval":{"confidence_level":0.95,"lower_bound":946.7906153750075,"upper_bound":1834.2032450389243},"point_estimate":1181.5866720304973,"standard_error":241.69326074582563},"slope":{"confidence_interval":{"confidence_level":0.95,"lower_bound":70129.8172049453,"upper_bound":71562.0081084404},"point_estimate":70795.10171912714,"standard_error":366.76450050822405},"std_dev":{"confidence_interval":{"confidence_level":0.95,"lower_bound":1998.317419094066,"upper_bound":3363.392115943112},"point_estimate":2702.443640186482,"standard_error":350.8700057910644}}