{"mean":{"confidence_interval":{"confidence_level":0.95,"lower_bound":-0.12766246027526948,"upper_bound":-0.11183217306846688},"point_estimate":-0.12051682833722122,"standard_error":0.004020424760947708},"median":{"confidence_interval":{"confidence_level":0.95,"lower_bound":-0.12712967791844537,"upper_bound":-0.1199201748659321},"point_estimate":-0.12383679680185378,"standard_error":0.001739496756567195}}