{"mean":{"confidence_interval":{"confidence_level":0.95,"lower_bound":0.07071582194498166,"upper_bound":0.07437188296713806},"point_estimate":0.07236484927959874,"standard_error":0.000910611023829447},"median":{"confidence_interval":{"confidence_level":0.95,"lower_bound":0.07013854044373843,"upper_bound":0.07244811202485346},"point_estimate":0.0710615915373638,"standard_error":0.0005946981128267501}}