{"mean":{"confidence_interval":{"confidence_level":0.95,"lower_bound":-0.12911165686772463,"upper_bound":-0.12509137578310164},"point_estimate":-0.12708103278194327,"standard_error":0.0010239944724971827},"median":{"confidence_interval":{"confidence_level":0.95,"lower_bound":-0.13051374921274572,"upper_bound":-0.12712733848377822},"point_estimate":-0.12883236142425725,"standard_error":0.0008975430520753057}}