{"mean":{"confidence_interval":{"confidence_level":0.95,"lower_bound":0.040284666937444334,"upper_bound":0.07981966886926861},"point_estimate":0.06157858881244205,"standard_error":0.010111899576818543},"median":{"confidence_interval":{"confidence_level":0.95,"lower_bound":0.07465400427003943,"upper_bound":0.0865875732557595},"point_estimate":0.08039997858440251,"standard_error":0.0029970967787987554}}