{"mean":{"confidence_interval":{"confidence_level":0.95,"lower_bound":638768.5,"upper_bound":646218.8875},"point_estimate":642320.0,"standard_error":1903.1181022968979},"median":{"confidence_interval":{"confidence_level":0.95,"lower_bound":635150.0,"upper_bound":639275.0},"point_estimate":637225.0,"standard_error":925.6157805648481},"median_abs_dev":{"confidence_interval":{"confidence_level":0.95,"lower_bound":7760.484237223864,"upper_bound":13723.316006362438},"point_estimate":10419.897940009832,"standard_error":1472.8602110882744},"slope":null,"std_dev":{"confidence_interval":{"confidence_level":0.95,"lower_bound":14338.14816085283,"upper_bound":23648.107807878157},"point_estimate":19123.42619126942,"standard_error":2393.9902655621386}}