{"mean":{"confidence_interval":{"confidence_level":0.95,"lower_bound":1052173.0975000001,"upper_bound":1065537.305},"point_estimate":1058483.5,"standard_error":3423.565833692522},"median":{"confidence_interval":{"confidence_level":0.95,"lower_bound":1041085.0,"upper_bound":1051910.0},"point_estimate":1044750.0,"standard_error":3018.400795460179},"median_abs_dev":{"confidence_interval":{"confidence_level":0.95,"lower_bound":10452.329814434052,"upper_bound":23862.446576356888},"point_estimate":14618.435740470886,"standard_error":3381.46193053047},"slope":null,"std_dev":{"confidence_interval":{"confidence_level":0.95,"lower_bound":23991.733773110616,"upper_bound":44792.362205435515},"point_estimate":34549.438340535504,"standard_error":5410.342548121943}}