{"mean":{"confidence_interval":{"confidence_level":0.95,"lower_bound":0.15555998067983598,"upper_bound":0.18503512885470147},"point_estimate":0.17035506988305937,"standard_error":0.007521610926189502},"median":{"confidence_interval":{"confidence_level":0.95,"lower_bound":0.16941683855240952,"upper_bound":0.19269523646979292},"point_estimate":0.17934790515960608,"standard_error":0.0055346279380255265}}