{"mean":{"confidence_interval":{"confidence_level":0.95,"lower_bound":0.3075573745628307,"upper_bound":0.3302250564403118},"point_estimate":0.3193334504620178,"standard_error":0.005771207343529004},"median":{"confidence_interval":{"confidence_level":0.95,"lower_bound":0.3157361690133176,"upper_bound":0.32749890945898663},"point_estimate":0.32207708383859557,"standard_error":0.0028571205888765685}}