{"mean":{"confidence_interval":{"confidence_level":0.95,"lower_bound":614017.1764705885,"upper_bound":626901.1205882354},"point_estimate":619786.2352941178,"standard_error":3316.6209114136655},"median":{"confidence_interval":{"confidence_level":0.95,"lower_bound":606105.8823529412,"upper_bound":610170.5882352941},"point_estimate":608676.4705882352,"standard_error":1066.1911787301658},"median_abs_dev":{"confidence_interval":{"confidence_level":0.95,"lower_bound":4953.628147349664,"upper_bound":10591.868635486286},"point_estimate":7835.976919707115,"standard_error":1535.1374340748541},"slope":null,"std_dev":{"confidence_interval":{"confidence_level":0.95,"lower_bound":17905.08522167528,"upper_bound":48700.45910060537},"point_estimate":33414.65223164069,"standard_error":8561.614658046872}}