{"mean":{"confidence_interval":{"confidence_level":0.95,"lower_bound":0.0741654208016457,"upper_bound":0.09730737051097896},"point_estimate":0.08469261410111262,"standard_error":0.0057853442564534275},"median":{"confidence_interval":{"confidence_level":0.95,"lower_bound":0.06618039007136445,"upper_bound":0.07453331279468389},"point_estimate":0.06947075052959573,"standard_error":0.002030470339468347}}