{"mean":{"confidence_interval":{"confidence_level":0.95,"lower_bound":0.280700580430068,"upper_bound":0.3079448988467574},"point_estimate":0.29535712901851974,"standard_error":0.006947077631772545},"median":{"confidence_interval":{"confidence_level":0.95,"lower_bound":0.2820265507587547,"upper_bound":0.2995173308835326},"point_estimate":0.28930071759526554,"standard_error":0.004611370836074086}}