{"mean":{"confidence_interval":{"confidence_level":0.95,"lower_bound":0.725975569459176,"upper_bound":0.7883371197104692},"point_estimate":0.7593365463506156,"standard_error":0.015923779662375348},"median":{"confidence_interval":{"confidence_level":0.95,"lower_bound":0.7665107414177623,"upper_bound":0.8106117374157056},"point_estimate":0.7929543479669601,"standard_error":0.011123747760520454}}