{"mean":{"confidence_interval":{"confidence_level":0.95,"lower_bound":766168.3788461534,"upper_bound":777722.4096153848},"point_estimate":771411.7692307691,"standard_error":2970.192320614109},"median":{"confidence_interval":{"confidence_level":0.95,"lower_bound":759061.5384615385,"upper_bound":766392.3076923077},"point_estimate":763450.0,"standard_error":1939.1298426537037},"median_abs_dev":{"confidence_interval":{"confidence_level":0.95,"lower_bound":9922.015208464481,"upper_bound":18196.063523109075},"point_estimate":14557.991280005503,"standard_error":2184.2999632442234},"slope":null,"std_dev":{"confidence_interval":{"confidence_level":0.95,"lower_bound":17340.87817335294,"upper_bound":42326.619976901355},"point_estimate":29755.606897499227,"standard_error":6739.158918817144}}