{"mean":{"confidence_interval":{"confidence_level":0.95,"lower_bound":0.4910238070377078,"upper_bound":0.5041426028186874},"point_estimate":0.49766249102701954,"standard_error":0.003348710985831182},"median":{"confidence_interval":{"confidence_level":0.95,"lower_bound":0.4921400351316893,"upper_bound":0.5053688143461432},"point_estimate":0.499420598250534,"standard_error":0.003600527086591769}}