{"mean":{"confidence_interval":{"confidence_level":0.95,"lower_bound":-0.17425583938188802,"upper_bound":-0.1543782477433805},"point_estimate":-0.16425238401807196,"standard_error":0.005082782188205592},"median":{"confidence_interval":{"confidence_level":0.95,"lower_bound":-0.16001904906698172,"upper_bound":-0.14971247787941666},"point_estimate":-0.15425228644600497,"standard_error":0.0026159758850218995}}