{"mean":{"confidence_interval":{"confidence_level":0.95,"lower_bound":0.6037690072213869,"upper_bound":0.6459692503309933},"point_estimate":0.6242357136749523,"standard_error":0.010788210759019451},"median":{"confidence_interval":{"confidence_level":0.95,"lower_bound":0.6282717281080701,"upper_bound":0.6582540041532168},"point_estimate":0.64460514045583,"standard_error":0.007419717937850268}}