{"mean":{"confidence_interval":{"confidence_level":0.95,"lower_bound":764694.2035714287,"upper_bound":772905.6446428571},"point_estimate":768551.4285714288,"standard_error":2100.781200401067},"median":{"confidence_interval":{"confidence_level":0.95,"lower_bound":758607.1428571428,"upper_bound":764300.0},"point_estimate":761832.1428571428,"standard_error":1531.236243882596},"median_abs_dev":{"confidence_interval":{"confidence_level":0.95,"lower_bound":7709.519863128662,"upper_bound":14693.624739135892},"point_estimate":11739.014791590851,"standard_error":1802.3307725148195},"slope":null,"std_dev":{"confidence_interval":{"confidence_level":0.95,"lower_bound":14160.145839056673,"upper_bound":27210.45952403022},"point_estimate":21100.95578362454,"standard_error":3342.5868191355653}}