{"mean":{"confidence_interval":{"confidence_level":0.95,"lower_bound":0.289003346537431,"upper_bound":0.2987477313943961},"point_estimate":0.2939575739925273,"standard_error":0.0024866014137851253},"median":{"confidence_interval":{"confidence_level":0.95,"lower_bound":0.28753460397677877,"upper_bound":0.2966619753519928},"point_estimate":0.2927896100830827,"standard_error":0.0021818672013905306}}