{"mean":{"confidence_interval":{"confidence_level":0.95,"lower_bound":-0.11894822708425896,"upper_bound":-0.10696342159808003},"point_estimate":-0.11318833013470597,"standard_error":0.0030000235954193654},"median":{"confidence_interval":{"confidence_level":0.95,"lower_bound":-0.11914511135523831,"upper_bound":-0.11189754696995557},"point_estimate":-0.11545706276102763,"standard_error":0.0018654081897845564}}