{"mean":{"confidence_interval":{"confidence_level":0.95,"lower_bound":-0.5260816887729876,"upper_bound":-0.4848582470399206},"point_estimate":-0.5070877326556817,"standard_error":0.010500132105346978},"median":{"confidence_interval":{"confidence_level":0.95,"lower_bound":-0.547075677828958,"upper_bound":-0.5099504828161295},"point_estimate":-0.5321301108933933,"standard_error":0.011173259997187232}}