{"mean":{"confidence_interval":{"confidence_level":0.95,"lower_bound":37154.901835633995,"upper_bound":37618.71285310908},"point_estimate":37374.34774318315,"standard_error":118.38322294162738},"median":{"confidence_interval":{"confidence_level":0.95,"lower_bound":37037.263593380616,"upper_bound":37413.296387520524},"point_estimate":37219.4674796748,"standard_error":135.39936984528984},"median_abs_dev":{"confidence_interval":{"confidence_level":0.95,"lower_bound":583.9491972556356,"upper_bound":1050.0952848921058},"point_estimate":797.194388947747,"standard_error":117.39559278522519},"slope":{"confidence_interval":{"confidence_level":0.95,"lower_bound":37107.76468950597,"upper_bound":37636.17931177063},"point_estimate":37355.85059849268,"standard_error":134.5678629722548},"std_dev":{"confidence_interval":{"confidence_level":0.95,"lower_bound":809.2512158789903,"upper_bound":1544.824516593824},"point_estimate":1188.00245352928,"standard_error":190.16112388885233}}