{"mean":{"confidence_interval":{"confidence_level":0.95,"lower_bound":0.6799360134293291,"upper_bound":0.7288274369795757},"point_estimate":0.704607815587919,"standard_error":0.012396718886621534},"median":{"confidence_interval":{"confidence_level":0.95,"lower_bound":0.6944173664265163,"upper_bound":0.7199591588743182},"point_estimate":0.70581802118702,"standard_error":0.0063695890770720034}}