{"mean":{"confidence_interval":{"confidence_level":0.95,"lower_bound":0.02026152113335003,"upper_bound":0.0728867032060588},"point_estimate":0.04966119558216264,"standard_error":0.013517360437679716},"median":{"confidence_interval":{"confidence_level":0.95,"lower_bound":0.06571082783058506,"upper_bound":0.08369370482485938},"point_estimate":0.07406131233703794,"standard_error":0.004271143918268595}}