{"mean":{"confidence_interval":{"confidence_level":0.95,"lower_bound":0.013947214474587234,"upper_bound":0.03784926251749919},"point_estimate":0.02662503015745621,"standard_error":0.0060757093991735435},"median":{"confidence_interval":{"confidence_level":0.95,"lower_bound":0.033389779216019155,"upper_bound":0.04284077696982031},"point_estimate":0.03728134815172757,"standard_error":0.002442897087682925}}