{"mean":{"confidence_interval":{"confidence_level":0.95,"lower_bound":0.540438720195707,"upper_bound":0.5839830509175454},"point_estimate":0.5619808564001791,"standard_error":0.011065713563649429},"median":{"confidence_interval":{"confidence_level":0.95,"lower_bound":0.5460737545597938,"upper_bound":0.5790348478015428},"point_estimate":0.5619331471492093,"standard_error":0.008464078582771328}}