{"mean":{"confidence_interval":{"confidence_level":0.95,"lower_bound":0.373800464164652,"upper_bound":0.38652988271738004},"point_estimate":0.3795458348511396,"standard_error":0.0032178126857313367},"median":{"confidence_interval":{"confidence_level":0.95,"lower_bound":0.370706280975464,"upper_bound":0.3790490466908041},"point_estimate":0.3740788761189373,"standard_error":0.0021882750648631972}}