{"mean":{"confidence_interval":{"confidence_level":0.95,"lower_bound":30815.354545320482,"upper_bound":31230.23186011915},"point_estimate":31014.98151341302,"standard_error":105.97900115549685},"median":{"confidence_interval":{"confidence_level":0.95,"lower_bound":30734.920634920636,"upper_bound":30964.770523594052},"point_estimate":30884.648526077097,"standard_error":63.45585313409481},"median_abs_dev":{"confidence_interval":{"confidence_level":0.95,"lower_bound":393.81561800837517,"upper_bound":704.417573700986},"point_estimate":547.0862646298513,"standard_error":83.24105884009884},"slope":{"confidence_interval":{"confidence_level":0.95,"lower_bound":30908.163269783534,"upper_bound":31322.953539642727},"point_estimate":31101.22527391332,"standard_error":105.96839901973652},"std_dev":{"confidence_interval":{"confidence_level":0.95,"lower_bound":764.7553957618535,"upper_bound":1336.916511136897},"point_estimate":1068.1754215933051,"standard_error":146.27358391892417}}