{"mean":{"confidence_interval":{"confidence_level":0.95,"lower_bound":-0.07088465941133372,"upper_bound":-0.06043437490852253},"point_estimate":-0.06562262720496792,"standard_error":0.0026984386201352236},"median":{"confidence_interval":{"confidence_level":0.95,"lower_bound":-0.068512069985047,"upper_bound":-0.06394356156043146},"point_estimate":-0.06656354067468195,"standard_error":0.001163648809058809}}