{"mean":{"confidence_interval":{"confidence_level":0.95,"lower_bound":0.2554085695409104,"upper_bound":0.2752984206168496},"point_estimate":0.26461433663900724,"standard_error":0.00503590859679401},"median":{"confidence_interval":{"confidence_level":0.95,"lower_bound":0.25534661498116695,"upper_bound":0.2726587053792},"point_estimate":0.2640777291954741,"standard_error":0.0050875504215273214}}